,Temperature,Humidity,Device_Usage,Signal_Strength,Anomaly
0,24.36350297118406,67.08920959462286,96,3,0
1,38.767857660247905,75.76769780339606,0,5,1
2,33.29984854528513,37.53275291547493,50,3,0
3,29.966462104925917,63.74118697248992,4,3,0
4,18.900466011060914,60.022218820062406,12,2,0
5,18.899863008405067,78.29812637517898,18,5,0
6,16.452090304204987,83.42609423368825,11,1,0
7,36.654403644373375,20.850974003417075,47,1,0
8,30.02787529358022,67.18139433411548,24,3,0
9,32.70181444490114,23.628505938381032,56,3,0
10,15.51461235739506,58.42010655541492,34,4,0
11,39.247746304049855,40.13429103305747,75,5,0
12,35.81106602001054,41.474361966549885,93,3,0
13,20.308477766956905,44.70709524166496,4,4,0
14,19.545624180177516,63.490471433472706,97,5,0
15,19.585112746335845,43.38349759681385,21,1,0
16,22.60605607398844,71.28893354131964,76,4,0
17,28.11891079080595,48.31691699017088,56,5,0
18,25.798625466052894,24.7847240216971,46,4,0
19,22.28072850495105,74.8631889738875,53,3,0
20,30.296322368059485,40.00308272148942,2,2,0
21,18.487346516301045,50.29368157194838,52,1,1
22,22.303616213380455,67.9810718255331,83,3,0
23,24.159046082342293,43.271931000409836,30,3,0
24,26.4017496054259,23.960995930270094,68,5,1
25,34.62939903482534,46.174473290896955,87,4,0
26,19.991844553958995,86.11140078860124,32,1,0
27,27.85586096034029,64.92140781089907,71,3,0
28,29.810364221551062,67.00354040670449,87,5,0
29,16.161260317999943,64.25975075463478,49,1,0
30,30.18862129753596,33.92944972716057,83,4,0
31,19.263103092182288,49.28337048715961,15,3,0
32,16.62628982463199,72.56578588543228,75,3,0
33,38.722138431333335,27.09610282872114,76,3,0
34,39.14080082686398,39.449694326279854,38,1,1
35,35.20993370291153,39.34233759260975,88,1,0
36,22.61534422933427,50.241324931615424,45,1,0
37,17.441802850159597,88.62581186595295,95,1,0
38,32.10582566280392,24.725178267867534,87,5,0
39,26.003812343490033,56.30906960664165,46,2,0
40,18.05095587111947,32.55552774085473,43,5,0
41,27.379422752781757,87.9473581786821,8,3,0
42,15.85971302788046,27.931245330922494,86,5,0
43,37.73301005196955,48.25207016531139,49,4,0
44,21.469499540000424,71.65194893842244,76,1,0
45,31.56305710884955,69.31880996192118,59,4,1
46,22.792776902235275,49.59100458257526,95,4,1
47,28.00170052944527,44.25669175669027,14,3,0
48,28.66775698358199,47.83286649870094,35,1,0
49,19.621361388138176,38.49933842110475,62,4,0
50,39.239615694113965,34.373305709475986,68,3,0
51,34.37832058402786,53.8127788291223,85,1,1
52,38.48747353910473,38.79736292473251,79,2,0
53,37.37068376069122,40.12231654280751,40,3,0
54,29.94749947027713,65.972924443219,73,5,1
55,38.04685587557792,87.79761321899245,23,1,1
56,17.212312551297988,62.254604039156256,81,4,0
57,19.89957156047863,25.388562694547637,48,4,0
58,16.13068222276345,25.290852969784687,17,5,0
59,23.133258269081608,86.59962545918961,6,5,0
60,24.71693224223705,40.810355321513356,3,4,0
61,21.783725794347397,26.44468902577328,89,1,0
62,35.718437728798236,61.93312110052671,68,3,0
63,23.918833167339734,63.655414480318626,59,5,0
64,22.023362742184517,65.39533740830817,54,5,0
65,28.567402078956214,38.71814195002789,15,5,0
66,18.523105624369066,21.057747895013254,98,2,0
67,35.054924518850996,87.55107586181303,89,1,0
68,16.863766091994272,37.562513198377175,81,1,0
69,39.672173415012935,67.32184016367833,28,1,0
70,34.306119232416435,69.46409089150967,22,1,0
71,19.96789203835431,62.700519195564,13,1,0
72,15.13805292809006,41.903517594955375,78,4,0
73,35.386535711370854,38.97673776348461,48,5,0
74,32.671433596190425,61.836779789189215,32,4,0
75,33.22517920102469,80.6266943528184,24,2,0
76,34.281758667148644,86.27136102463768,20,3,0
77,16.85111629335226,27.413406308263035,16,5,0
78,23.961643213606813,30.83800288184039,22,2,0
79,17.896726488128245,86.13153811481557,56,4,0
80,36.57758564688984,71.55746598343548,80,3,1
81,30.58245317068895,81.80956773808411,57,2,0
82,23.27245062131623,34.18428438947402,13,3,0
83,16.588958757150593,61.13101097765813,92,2,0
84,22.774558042891556,69.07977160922316,19,4,0
85,23.12958305066868,67.60783198128809,29,3,0
86,33.2401544584516,48.57061836066887,18,2,0
87,30.93893678388033,21.077642418391594,52,4,0
88,37.18031856440817,60.80482397629842,55,5,0
89,26.805373129048732,37.71710774257261,76,4,0
90,17.98985614845754,51.51779723000232,81,4,1
91,32.83111968057487,87.03067105586722,22,5,0
92,34.019626215422434,47.93247223497043,61,4,0
93,29.031929939237408,78.78611246650988,32,5,0
94,34.27417949886403,33.19784240244758,17,5,0
95,27.344889909109767,67.07223486175201,72,5,0
96,28.06832073454985,88.39048681072605,32,2,0
97,25.68852545896374,27.132517061105574,31,3,0
98,15.63547816860238,20.58239595590344,60,2,0
99,17.69728567483261,50.350795484283005,53,5,0
100,15.785729642168356,26.483783813595704,16,3,0
101,30.91026028159451,72.3869044773362,18,3,0
102,22.858899526908168,84.01840646939912,90,5,0
103,27.71426727911757,50.38146808961312,69,3,1
104,37.689161848152324,38.10981495088087,98,3,0
105,21.232305728721872,50.40823233046268,100,2,0
106,25.259573075890742,70.64134724950007,33,3,0
107,33.888778463576216,20.63379131062597,83,5,0
108,20.71995413729056,61.2617792639288,24,1,0
109,16.924497745719826,62.930417942116534,67,1,0
110,22.2437863228442,64.63817728271549,73,1,1
111,19.03053218135011,36.941545598661406,73,5,0
112,38.242441308564324,69.98369063646888,87,1,0
113,35.20300948911043,26.39740404322435,84,2,0
114,30.835093912760584,33.94892355267606,10,5,0
115,36.786514754692945,81.42290326581374,90,5,0
116,35.09180192247786,71.71062055085964,15,5,0
117,19.664251472150895,20.96218878079417,89,3,0
118,37.313974962249446,37.386338225886014,60,3,0
119,28.48355604789127,35.00845380952152,93,3,1
120,35.18600387910156,38.956442962588085,79,4,0
121,37.40228249808733,37.32918391959205,6,2,1
122,22.950086874296595,24.3768407019992,15,5,0
123,17.75129811319192,52.12583616177742,98,5,0
124,20.698379063548543,71.29134323503156,15,3,0
125,25.677694715656408,62.47122073022055,39,5,0
126,35.45036914806233,67.10101680186558,11,5,0
127,36.51826458140859,25.680442497536742,34,1,0
128,15.173803263279767,86.60434971237511,20,5,0
129,27.768682564439143,78.69442836901175,49,4,0
130,25.435275078719474,76.35632229469638,42,3,0
131,20.552695261768257,77.60886635292373,99,2,0
132,17.99663418334207,85.2897355692933,16,2,0
133,23.4403792850907,58.09777762795884,31,1,0
134,38.572742597812976,34.019741250733816,40,2,0
135,23.080073300518883,63.17485254967788,5,2,0
136,27.969765543584153,72.00170455675573,87,3,0
137,32.57547397237944,71.65421753478178,26,3,0
138,24.09074005948235,56.50143169168161,19,4,0
139,39.29455206802402,24.792110353350463,24,1,0
140,39.06118237355278,45.97790569010895,65,2,1
141,21.294557395634104,84.45366259243501,8,4,1
142,27.431212647309636,60.91142368301982,91,1,0
143,22.521957745419243,57.68323602789994,52,2,1
144,22.12101235943669,38.81974600675355,60,2,0
145,15.92217368386332,45.79142439416052,37,3,0
146,30.23910834949742,82.67422624072185,2,5,0
147,27.56697558072154,66.6524133268785,83,1,0
148,16.286968781249733,75.11709187266331,69,2,0
149,21.966161605915286,51.80417961473586,96,1,0
150,37.70664714916634,64.11730536193105,54,4,1
151,20.989047266674312,37.386852612024526,0,4,0
152,18.622371802280576,69.38225811984404,100,5,0
153,27.236319006939077,49.93209335923361,69,2,0
154,39.641261352765014,50.97818603703219,44,3,0
155,21.05138178778751,65.4525627203817,97,2,0
156,31.803388685146963,85.53964350282486,46,1,0
157,34.04049038321794,24.480444262603463,78,4,1
158,20.940938599809993,77.73202661429053,25,1,0
159,33.205408715296485,40.46681772885351,13,5,0
160,24.194578317981332,51.07436181544645,53,4,0
161,30.807645764839485,21.53393301425063,70,3,0
162,30.838242769022365,41.073225448401914,45,4,1
163,28.394367101868962,55.18418698410913,30,2,0
164,17.257244251360206,23.93232541432073,87,2,0
165,35.88256238973095,54.37670105682156,58,4,0
166,23.019501624293397,84.89774402008992,94,5,0
167,19.662962759996354,27.377525267546368,28,2,0
168,16.0193785388691,73.5108509652853,95,2,0
169,29.772323579706047,48.67697373631948,16,3,0
170,31.93910904605706,65.86216001670365,13,4,0
171,15.414695723196404,38.21656185896606,35,2,0
172,27.802326457482025,31.16445837789508,57,5,0
173,20.66239437994845,31.232382998985848,23,1,0
174,31.129319760236246,24.934436195020126,62,4,0
175,19.359160725124788,32.99526934308701,90,3,1
176,32.27344345256165,66.49535694922778,24,2,0
177,24.668383657513434,81.71834282904555,58,5,0
178,38.418249718418366,76.98879799138132,31,4,0
179,18.43802360364983,67.95940169121388,81,5,0
180,23.52665877625646,27.730230438777188,17,5,0
181,17.83683803101473,40.24312124071649,36,3,0
182,38.11734045696407,41.68648127257283,25,4,0
183,36.93348383452452,37.49698624783349,8,2,0
184,21.44854069287889,56.05039617968062,98,3,0
185,31.499601150854478,57.48876704157708,63,2,1
186,35.4305550050304,44.982018261977714,71,1,0
187,28.880020289986557,44.76524111155052,19,5,0
188,28.24126445890016,77.9988918534257,53,1,1
189,21.046307272511292,75.250499382378,85,5,0
190,17.32756919514748,41.54570821765219,82,3,0
191,37.43039394883317,83.96519107112815,29,2,0
192,37.51045142908326,86.69705119017543,52,2,0
193,30.827536431831696,42.87197794210286,91,3,0
194,23.475744776217518,44.80974641551384,98,4,0
195,23.73023936531652,55.394390739537116,62,1,0
196,33.14889197175599,85.87845687735715,10,1,0
197,37.42775649881443,81.34236031996181,30,2,0
198,37.177160606627936,27.179757380851285,48,2,0
199,34.496888646440595,47.49115202899914,99,2,0
200,31.050791153857194,58.73598328248403,93,3,0
201,17.103499124876222,55.2192730786078,86,4,0
202,19.040717852365344,33.57041475558249,18,1,0
203,37.463854713176985,80.11717398177083,11,5,0
204,30.160726491489747,67.3858548097786,14,3,0
205,15.229926290415742,78.65358623962625,30,1,0
206,17.536788571650803,80.11349955446306,42,4,0
207,31.587544227701397,72.38490975660179,100,3,0
208,15.126539596155467,50.74474208748021,36,1,0
209,19.020201285437466,62.73827285107972,78,3,0
210,28.718344734164653,31.225578428382022,28,1,0
211,32.297379942317335,67.15517922324354,25,1,0
212,31.299031487565014,32.54772790174965,1,4,0
213,20.606732736513994,68.57647133571098,83,5,0
214,32.8044805336884,36.07187125277781,14,4,0
215,20.931227187420003,28.228591010515398,3,1,0
216,23.134992453981695,31.56991431000702,85,3,1
217,33.662285127950604,20.13944946533492,49,4,0
218,31.240822476180366,70.31177324974712,37,5,0
219,36.23058526235445,71.26807343408655,22,1,0
220,31.440322307508584,56.04533449392816,58,4,0
221,29.20771508338679,31.29539607387686,89,4,0
222,17.341869195702312,25.848803625748282,74,4,0
223,24.19289507648584,21.33902765061009,27,4,0
224,21.630059192043134,31.60237238756545,65,3,0
225,21.09974108447709,82.35988744882027,7,5,0
226,39.325263868811135,36.907578919117725,28,5,0
227,24.82744311666901,44.7989929052051,10,1,1
228,37.30116387942783,27.374183913693322,100,2,0
229,30.778465649931572,35.56529133237192,17,3,1
230,34.870282588541215,56.34571995461436,54,1,0
231,27.5659273276298,62.542687816695675,49,1,1
232,29.422597115658977,37.17466199163478,13,4,0
233,27.312942345471598,24.041251145758203,73,2,0
234,19.881074694951113,47.37230083891791,98,2,0
235,33.06130288153763,36.39423596484339,8,3,1
236,22.019309061021396,35.368774626086136,98,2,0
237,15.607899160786346,87.19039618994186,10,1,0
238,31.136807397679195,63.14103401480068,62,2,1
239,19.427766985176223,58.98149102204671,75,2,0
240,38.51146460882286,49.104257246632535,66,5,0
241,38.84821442506468,50.0261033401101,52,1,1
242,37.871609755511216,57.863350268665656,38,2,0
243,24.25396750638611,68.75008649252752,77,2,0
244,15.386415413221686,69.15022673272806,55,4,0
245,38.20796406469313,32.01857353938147,27,2,0
246,25.704603707932858,55.00789264536389,74,2,0
247,39.16637047609174,48.837066652387136,38,5,1
248,39.09049942723132,80.93688763885689,24,1,0
249,36.325236386684,64.19932448528635,20,3,0
250,22.36122230173964,57.275284649118724,9,1,0
251,24.62744321504813,28.077624952524218,42,4,0
252,36.27841678792142,62.3946522526388,14,1,0
253,22.923050128906944,28.20427339761634,82,2,0
254,19.237318667152312,43.60446028960264,47,4,0
255,28.920031561458753,29.99893753700323,85,1,0
256,38.40386935401952,68.44515529170582,20,4,0
257,32.400744916874324,34.43764796853068,59,3,0
258,29.251529252234125,47.43015612316182,95,1,0
259,17.429412344269213,82.6972344333145,49,2,0
260,30.375180667479242,34.30214683792792,22,4,0
261,39.75134625260658,55.54635447711454,12,5,0
262,18.5021003809131,49.349016281621545,68,4,0
263,27.958241309093417,21.26868287320108,3,5,0
264,36.93432679819888,75.4930679500969,91,2,0
265,33.51921544385511,24.83321344202198,77,3,0
266,32.4253935248817,53.19785146838675,71,5,0
267,32.56210209967773,59.2474806457265,8,3,0
268,23.98727878049388,63.989851963021096,34,4,0
269,22.339796106612333,68.20421405155129,100,2,0
270,35.23402888696284,37.72906684659006,20,5,0
271,35.25283486697952,20.698514366091455,57,4,0
272,36.67680796450259,70.64105636484385,17,1,1
273,37.83101381391178,57.495961954330504,96,4,0
274,27.783559971523445,78.52823922450742,71,3,1
275,27.53790736717999,77.4971854030486,80,2,0
276,34.95737947416938,79.03283174515182,42,2,0
277,31.24909826944413,53.95662619856781,94,4,0
278,32.54917193144259,43.3539877085806,97,1,0
279,34.89481673590252,75.40907418139591,5,3,0
280,37.250133545439155,51.590587912047845,85,4,0
281,23.449878921288395,32.840953748240416,77,4,0
282,24.389573815998602,79.8481813693032,66,2,0
283,17.349548496021725,81.77919137406431,11,3,0
284,29.45700352490435,52.64168292981191,99,1,0
285,15.898556844918552,25.29898091168512,11,2,0
286,26.639950453311506,47.14782629418519,65,4,0
287,28.566115867689415,76.24763616238224,1,2,1
288,22.163531303207108,83.124181998236,14,2,0
289,29.770831514225268,34.24309197483171,22,5,0
290,15.762506248476235,24.688152841769007,28,2,0
291,15.933704718730361,81.41453171929871,80,2,1
292,35.56501401649146,47.25834572852127,95,3,0
293,24.00476603528157,57.92326749872943,6,2,0
294,18.17651281629712,87.76460684355312,93,1,0
295,28.05608150137011,24.6595309539956,27,4,0
296,34.24983882746527,65.38226052164669,13,3,0
297,20.395525687421078,25.187379580240695,43,2,0
298,30.57226189547501,46.28282499265502,29,1,1
299,17.1336866248442,76.26701816354128,80,4,0
300,16.292043029215193,50.34305629289441,31,3,0
301,28.283865789203702,89.80276477320653,69,1,0
302,28.515878040252662,59.134149946262156,87,2,0
303,30.935747537455164,42.48135068451674,5,5,0
304,33.15228334306654,35.40779281333272,26,5,0
305,39.396301986563365,44.53643740003133,81,3,0
306,27.907508707529885,46.07732916316856,87,1,0
307,23.073911823531148,24.809957440677266,100,4,0
308,34.87965486921759,45.87019395987412,23,1,0
309,21.770806281551856,52.49669638174574,33,5,0
310,25.9742855176409,70.59164265671632,39,3,0
311,16.961409533556647,65.97106393051256,46,2,1
312,15.633768585386438,69.6135958660408,78,1,0
313,39.06621036694813,20.585457731379996,74,5,0
314,35.89950301280514,35.23671797063752,85,4,1
315,32.39935515234245,66.31790018798995,23,3,0
316,25.223823610356746,53.8792557725823,64,2,1
317,19.332358001771144,20.371943296784217,17,1,0
318,18.91092606677715,76.31462497022756,43,4,0
319,21.256072454114882,74.09667013032362,75,2,0
320,28.730666617653014,58.38934140954939,56,5,1
321,32.86489806750156,24.65243280433905,27,5,0
322,31.504934417943282,73.65605346728093,70,4,1
323,21.99834742364857,60.859951141195474,22,5,0
324,38.87163201657985,74.73719840105714,84,3,0
325,33.44742291739421,72.62228946770884,33,4,0
326,28.858851312785017,76.21014503704859,10,5,0
327,30.293018655858805,56.26056464832374,85,1,1
328,25.490001560694747,29.82271627354605,34,5,1
329,21.193274737528938,66.98102313657822,92,3,0
330,23.89931696628154,63.43316495363794,41,2,0
331,33.94615276160923,71.9577231039361,27,2,0
332,15.359837215743896,31.89167042355147,81,5,0
333,17.901816012672906,33.648263993020244,77,2,0
334,16.15006605054382,82.32866620535299,81,5,0
335,16.018220057974254,72.49844589164496,91,3,0
336,36.38651460027518,83.57599420902261,23,2,0
337,32.591446484500594,73.11007248147445,7,1,0
338,26.85434572718313,61.80087141932113,52,5,0
339,17.445854016275035,65.78929159195116,71,2,0
340,27.29039687792081,82.2389546758007,3,3,0
341,26.836794269514144,60.51647281583584,90,3,0
342,19.33004674775038,64.26739270298711,99,1,0
343,25.846291230949326,30.95337012025204,4,3,0
344,24.962618359934336,53.17448540812719,96,3,0
345,30.39625245130541,70.14779783706692,48,2,0
346,30.877341271691094,38.96598888214558,97,5,1
347,16.132600244301113,34.157792636717446,29,4,0
348,24.36531536566178,41.967876575709084,71,3,0
349,30.646497892855912,36.90504395949834,62,3,0
350,27.578406464502194,35.04388459254771,46,4,0
351,36.41224602970806,49.739559000766086,25,3,0
352,31.467340790473624,83.5486959718474,56,2,0
353,19.073360677035744,55.49417527171028,36,2,0
354,16.764218685010746,33.15442665707261,97,4,0
355,31.06048195515789,25.388016856661185,6,3,0
356,15.662782763540545,68.73093015965478,39,3,0
357,29.64438953183658,46.79591351054715,91,5,0
358,38.50575603562394,77.52816626097515,38,3,1
359,29.386854446896976,66.16575380485392,61,2,0
360,24.70424815516305,75.73690153789579,91,1,0
361,31.08220546105883,39.03622275929141,77,1,0
362,26.456322262287916,68.46512457227408,52,1,1
363,28.640419732898373,38.48433892856032,3,1,0
364,38.53662021941313,85.7347935615204,81,3,0
365,24.652565945019354,64.5461997073362,24,3,0
366,39.029764095597855,42.71582601227395,6,5,0
367,37.63376604890159,38.865830360459086,27,3,0
368,19.89477836973241,33.36486095501505,68,1,0
369,16.734032521879136,68.62486712256094,66,4,0
370,17.519450034435668,35.31009290985491,94,4,0
371,15.455545641288744,61.67122861492423,19,2,0
372,17.36107401889821,38.52445188477502,82,2,0
373,32.07516933540892,66.3378261355708,10,3,0
374,16.779716211505725,77.04578099783774,66,4,0
375,22.974390757344032,74.46176702012572,86,1,0
376,36.12188277423637,73.25959316515471,6,1,0
377,15.581798393395646,33.140568398457646,22,1,0
378,35.36171206472339,26.18694628891631,60,3,0
379,22.046369369334997,68.92641799411699,70,3,0
380,17.954120690541405,45.78430496560459,33,5,0
381,32.41842913410377,50.26423584823431,18,1,0
382,30.7235711694971,22.180436495537375,57,1,0
383,36.936800338176326,38.170351449253445,8,3,0
384,33.37677609509714,22.35734827121248,47,3,0
385,35.08702325962122,81.54300408208734,81,5,0
386,22.050864314282663,37.03776782529714,40,5,0
387,19.43598859449307,59.01360187011056,47,2,0
388,33.76536879102146,22.728552446279128,44,4,1
389,35.1708684816816,66.67931739139607,24,1,0
390,39.76262855001683,42.61191420278657,77,1,0
391,25.315441922785663,82.8543430870366,24,5,0
392,24.30045214481958,82.1682732253825,18,5,0
393,34.41032401854992,42.77034328532234,38,2,1
394,23.520088506325447,83.06726269833275,78,4,0
395,38.26893314008912,89.73103714491452,79,2,0
396,36.4603187960753,77.77909648867637,26,4,0
397,25.72485068437546,79.14099434286604,73,1,0
398,33.771776694787434,37.430611527636295,62,2,0
399,33.86357185211706,60.36916792004294,67,5,1
400,17.578096720898316,24.707913977715748,18,2,0
401,37.56382266698917,26.64425557751688,27,2,0
402,27.63130931119643,89.92248284233034,84,1,0
403,35.66143665269354,42.86474745981377,77,5,0
404,23.00124002576529,72.37287384341926,32,5,1
405,37.388080712405014,76.46655371187715,9,3,0
406,24.73004196835408,80.06162897050604,82,3,0
407,15.270941287007458,89.83398081815096,29,3,0
408,37.63454941048159,36.90475396798075,21,1,0
409,17.28216691965334,22.82455788017898,2,2,0
410,22.982840939760372,48.78340625962102,100,5,0
411,38.751549176270125,29.105646888026286,81,5,0
412,38.7651786734389,21.569812241343858,74,2,0
413,29.335947203082153,45.229877899904025,47,5,0
414,30.795930304244983,74.86167757526655,1,2,0
415,26.211138049457993,59.63264838575496,75,1,0
416,22.330269292451614,41.894459244724786,53,1,0
417,23.2166136342479,65.80394038449037,5,1,0
418,31.81296140192596,36.24127262161675,39,2,0
419,33.809363235942,21.00670122504595,92,2,0
420,34.78947609314621,73.50473705054992,93,4,0
421,34.740453569863845,63.662015940480636,1,5,0
422,17.280152576217258,73.3611837150672,72,5,0
423,27.360507617564537,22.725661168136593,1,4,1
424,16.438969000416108,78.59837394814565,92,4,0
425,28.73822205809339,63.36683400254123,96,1,0
426,26.038262534334425,59.43767454988481,73,4,1
427,37.19260456895749,63.72298336801721,97,2,0
428,23.77287531380197,80.51032728078549,54,3,0
429,17.926675410690148,61.08555545912349,71,2,1
430,18.574792051320898,60.66652659217255,100,4,0
431,34.03776579293681,89.3475409946036,59,5,0
432,30.455451582906527,72.97111169479976,96,2,1
433,17.528066903069757,50.96056638157947,5,5,0
434,17.102670152874936,69.51779000230493,18,2,1
435,32.524228286478,47.2461330184252,95,5,0
436,16.819075159104838,36.021282373844926,26,2,0
437,35.546501482258904,61.77963138214316,0,5,0
438,32.65605567891241,84.9727468679766,32,3,1
439,17.033719516047494,85.03976640108239,39,1,0
440,17.120942852129797,43.933369467384324,31,2,0
441,39.66598946252938,56.93742263551865,68,3,0
442,24.356769893903007,34.81451289989028,16,1,0
443,24.26605367667227,89.69417766492184,7,2,0
444,35.31998918143756,88.6782535507555,56,3,1
445,38.68121443459647,65.46562507952132,41,3,0
446,39.650026595571774,76.30898417742313,97,3,0
447,33.83445463147354,70.05701128985899,8,4,0
448,24.406489638272895,61.52107533276278,86,5,0
449,17.08751791746672,23.73435978922284,34,1,0
450,34.42867289818592,51.833503978686274,70,5,0
451,28.960106243395124,67.23504115171875,78,5,0
452,25.605550231174405,67.42721297185793,52,5,0
453,37.6588596273684,46.11858328956685,53,3,0
454,17.779937057653783,85.91843906606213,83,5,0
455,27.31562760727148,31.714992256574668,24,4,0
456,15.283841119185476,55.02516123508924,66,2,0
457,26.716516049853155,68.36187835855759,61,3,0
458,16.407581892045933,68.79950641242664,54,1,0
459,17.9704479067018,65.40472697381709,45,2,0
460,17.93815616942762,39.270174941630216,23,2,0
461,31.230257552901588,30.934459808063536,97,2,0
462,33.65112198163558,64.51582287786977,45,5,0
463,29.58421912742899,61.95114812976064,21,5,0
464,39.05431371186354,32.55492072024687,10,3,0
465,24.3717644880926,69.35974018993943,47,5,0
466,22.142802157046518,51.862039421355945,7,5,0
467,36.71497820473651,66.7432414122207,38,5,0
468,20.589895962986315,78.61569558391055,34,3,0
469,39.08056348601528,31.88099000038462,48,3,0
470,15.30386186724541,21.340140759778567,45,4,1
471,39.246970667690974,74.53718104770508,37,4,1
472,16.0789977987644,62.67881976068311,7,4,0
473,37.27857784245178,68.97476987354852,53,4,0
474,28.192527727157497,78.67084824920498,36,2,0
475,39.82411990298251,76.19676543771504,90,2,0
476,16.84491411838497,87.26441028501773,91,4,0
477,28.84635711003302,57.51545551964828,39,4,1
478,39.23256339047747,54.194694286193375,33,1,0
479,28.07744610425372,48.132103992351105,95,2,1
480,30.73496595338156,30.75837299909432,78,1,0
481,32.39371722461543,60.08250630174157,16,1,0
482,26.36352661919433,39.39087670281852,32,5,0
483,30.688952002101587,84.49152585490829,46,3,1
484,29.607857798077504,60.82335629939683,51,2,0
485,37.52895026227472,61.49881263556771,79,4,0
486,16.136159508536448,44.844726261390704,92,4,0
487,22.024079739805757,23.639254638439525,8,3,0
488,38.76028710191397,22.222063576109203,32,2,0
489,37.25659459727291,49.63346009072383,59,4,0
490,26.391418819642823,25.91957646680665,92,4,0
491,30.50331494503842,62.479286887809735,76,5,0
492,21.934529574528316,81.66811039477602,20,1,0
493,19.703028993094033,81.80403715631056,57,4,0
494,26.592460123499556,66.13317870925627,84,2,0
495,23.833805700651318,34.78622820310517,68,3,0
496,29.5914027962718,80.40977819512105,9,5,0
497,16.94336592412462,82.02654047192456,5,2,1
498,39.35987019165417,33.76575094670711,12,5,1
499,39.65526861199007,71.61982600394741,64,1,0
500,32.45404285049363,40.05636842489861,19,4,0
501,28.40240915860301,76.18482186470507,56,2,0
502,22.738190407158193,89.80665299325219,45,3,0
503,35.344875492673715,22.101820373057496,7,1,0
504,32.11827931384698,82.81561060536524,9,1,0
505,19.065423483622283,63.584137351906065,72,5,0
506,37.77317961234606,88.13678334153748,66,1,0
507,35.56343107307923,52.550666226849934,10,2,0
508,38.7449978322981,79.31715513999616,11,5,0
509,33.142987709709004,24.367584801879406,9,1,0
510,30.33537989839475,43.4695335054807,24,3,0
511,25.456075907265472,24.6911576425847,48,2,0
512,38.31821208385033,88.27401934353493,48,3,1
513,36.65159723751021,77.18817350902857,88,3,0
514,16.130466752654733,79.67831948721793,10,5,0
515,15.6591743624313,85.6575662003726,61,4,0
516,24.41158417195124,25.957244028384974,35,5,0
517,35.26383326954583,46.99183147593334,38,2,0
518,39.68190323287361,24.972442233080148,52,2,0
519,18.760422277588205,34.755517108502005,89,5,0
520,29.853267883803376,36.055604392637065,77,4,0
521,24.52227141577554,52.83750477333051,55,5,0
522,39.24785994536508,38.79935172175498,0,2,0
523,36.05297307839272,27.068467477243274,55,4,0
524,35.958217617778445,31.72437623658754,3,2,1
525,26.717328994874258,30.309289448646364,29,4,0
526,25.37048755844163,88.11537585386088,11,4,0
527,21.835176798267657,73.15047548429315,34,5,0
528,16.409387416273177,87.74330256886934,76,5,0
529,36.61805940637633,50.7818340555536,51,5,0
530,35.32252522825194,39.48579371638596,30,4,0
531,39.992941832153264,75.88052380464308,86,4,0
532,39.91592092684763,42.837774262880274,67,2,0
533,28.885792640065688,40.956836159374376,51,3,0
534,34.22468537951276,36.275419454548185,79,5,0
535,38.619143247060705,29.077528475696475,6,2,0
536,36.24118476693529,37.952414271173616,21,2,0
537,21.18370254357994,44.87238239317214,92,1,0
538,26.263603382752336,67.17959457020113,74,5,0
539,18.228985378787375,24.37953895536161,55,2,1
540,38.85127568146806,34.73548577657401,96,1,0
541,30.154365861272,76.63165482041734,57,5,0
542,20.71607013758657,30.284534650863954,92,4,1
543,31.792517110146417,43.985160256576506,63,1,0
544,30.453206011447396,80.52612453006981,11,4,0
545,23.954067950821013,30.844771780040986,6,3,0
546,17.838939804990726,25.791578493273292,54,3,0
547,31.78932988981999,53.91765965560076,61,3,0
548,28.00769252259483,41.16936578949755,89,3,0
549,34.30795979339098,59.43858551386979,72,2,0
550,28.004087527799832,76.26634233384326,97,3,0
551,36.3045375079635,29.60039417069202,76,2,0
552,28.797670969362137,60.64893591879995,54,2,0
553,29.023449288384654,55.38561322729048,35,5,0
554,36.91634006645863,30.08551502092397,88,2,0
555,25.087071655309927,63.67989398702877,23,2,0
556,18.35038071126602,39.15482925025401,43,3,0
557,15.719566907833475,54.148402298080875,16,2,0
558,33.87843139184048,25.75906269939433,1,4,1
559,30.507738783836615,52.170884004953614,12,3,0
560,32.60199420248059,41.45244276299742,30,1,0
561,20.32410403772277,77.5666847829748,92,3,1
562,18.409286889669243,23.988510889815778,27,2,0
563,15.363616641697048,49.3025092442831,59,4,0
564,23.764688970164926,52.09019968920066,26,3,0
565,29.74794217136583,70.7504253409383,14,4,0
566,24.806101127493307,60.20013025631477,94,1,0
567,25.936873050593228,66.70486360359267,78,1,0
568,37.60396736234371,74.39344999562293,32,5,0
569,23.706386675582507,80.35420815607321,19,5,0
570,27.84973722899527,41.971284770572936,41,3,0
571,34.591325318528575,57.661589375473206,11,5,0
572,24.913569558031753,78.807565490744,100,4,0
573,30.552167505696836,89.26157916755395,72,5,0
574,36.55909271866863,82.26635177306342,22,4,0
575,38.738015591441055,46.00270838370638,71,5,0
576,18.67683702322595,33.66165620530553,95,5,0
577,38.16469062903736,54.25747761846121,13,5,0
578,27.302907326988453,71.91490162852295,90,2,0
579,21.45610970747396,54.47983495273083,24,2,0
580,26.478393905956533,53.82266043195679,76,5,0
581,39.50081438213692,78.67612947572604,84,4,1
582,27.31545234982174,45.298264534703044,30,3,1
583,23.218790257187706,80.1856272368152,100,1,0
584,30.835021357918144,48.47633606662065,53,2,0
585,21.003640469454826,42.976317397483754,4,5,0
586,16.8965832027166,51.77929378397893,12,1,0
587,18.22199304776623,73.37128710724079,27,2,0
588,18.20114597394431,28.820141950479602,42,3,1
589,18.797567337807358,33.749345111041215,88,4,0
590,18.470679316235255,86.60113779641644,98,5,0
591,31.021868620080365,32.284413916695016,46,3,0
592,19.54700210997862,59.74091225517382,70,2,0
593,23.64168208309658,60.55201266633565,37,5,0
594,37.4197102476503,54.27371234351713,95,1,0
595,26.84904100657181,65.1321674003773,66,4,0
596,31.68894346302568,36.08787080583329,61,2,0
597,19.307996780040746,58.68635874437238,38,4,0
598,19.80722547021677,46.0521278672828,36,5,0
599,16.021715406661972,66.31670817404324,85,3,0
600,19.223376576804114,29.885648036120465,7,4,0
601,21.964758475798966,59.961419178763336,80,1,0
602,19.42526210691867,32.96892487683266,51,2,0
603,17.21756334392639,39.505014418052546,90,1,0
604,18.01589677751502,35.30968602265082,32,4,0
605,26.519469200818143,32.7986445908172,80,3,0
606,20.158342960144815,77.79976660924669,41,3,0
607,24.10674652620189,39.999529736262325,75,1,0
608,27.58543177137142,84.89866473051146,26,5,1
609,32.25987071573413,87.89485677416336,7,5,0
610,15.982803496027474,59.988232895596816,22,3,0
611,34.98525997272607,30.010078586600848,63,1,0
612,30.697509737272696,46.218377036570686,92,1,0
613,17.043975798721796,75.84125843437498,19,1,0
614,36.839465602669435,45.717351008794935,15,4,0
615,38.02181001329533,26.09120528119521,16,5,0
616,16.526948996371594,58.974943764973155,79,5,0
617,21.921941203680092,79.15845960472242,18,4,1
618,35.15503199482653,75.71484710004518,7,2,0
619,33.70649225959146,32.258619809124724,37,4,0
620,19.613025483909432,67.09352300887267,37,1,0
621,20.233733083417757,35.4352984404953,52,4,0
622,24.26180256978455,35.274527418652056,92,1,0
623,27.113074629775532,81.18502413136295,99,3,0
624,30.4563692882574,37.476826691816115,89,1,0
625,24.22284098924431,38.427314256260786,30,5,0
626,26.563367903328697,20.045737353290967,43,4,0
627,33.68677345334392,80.94683238878623,59,1,0
628,15.917080072264948,75.48163692463943,75,2,0
629,21.31092360860052,63.91302545634746,16,3,0
630,32.83373964711381,72.51860347571895,78,2,1
631,37.38017094217999,30.643399719714424,72,2,0
632,27.791936052891653,52.08265162113028,38,2,0
633,28.30283713163289,44.58535711441466,41,3,0
634,17.679300283494403,26.564356837991156,47,3,0
635,26.185309170586365,54.029133965044686,11,3,0
636,28.315431661375577,84.45177552398448,95,3,1
637,21.06176259086824,22.804138333548615,88,2,0
638,21.731080773734526,40.402263944565576,17,5,0
639,24.432104077615566,34.52786553439924,78,5,0
640,15.50177994444316,36.67026575659874,95,3,0
641,23.05197913957946,83.59041863155628,5,4,0
642,20.286200174913617,52.76483379640031,42,1,0
643,23.187433804447867,52.640958905787315,34,4,0
644,17.99405329548128,73.24029497186976,97,4,1
645,37.263182018497375,30.814454280344805,53,4,0
646,29.839811338851217,54.108574787003555,61,5,0
647,31.97755797861224,50.09896498847418,68,1,1
648,34.729280965183456,61.78374833826593,81,4,0
649,27.46105497322643,89.9690392275307,15,3,0
650,17.17300720218559,73.8614225857433,7,5,0
651,28.427663545463695,47.8505992112199,88,3,0
652,29.671027950521978,77.92871365918329,95,3,1
653,33.63598685460825,31.949585431873615,89,4,1
654,25.791488655741986,22.13245804162721,85,3,1
655,18.189507569889095,34.31138607249911,30,1,0
656,22.09439764496811,43.828808927998175,9,3,0
657,24.077057409965878,55.74065302216919,55,4,1
658,31.147931033290032,63.05903983788399,75,3,1
659,29.269457616722796,83.74240020500952,91,5,0
660,23.902418147446156,55.68978066853204,69,5,0
661,39.66288121982449,55.08929512380106,19,5,0
662,30.14437048392218,23.51701068760875,4,2,0
663,20.93066979339986,22.443808685935668,22,5,0
664,17.544561815510093,58.58119733414605,8,5,1
665,18.821478479608302,50.672502927384116,57,2,1
666,21.148943209612703,78.7426276486209,58,5,0
667,19.017034331488894,31.247570929829163,92,4,0
668,19.664175601282643,21.74801634819347,79,5,0
669,22.127379217346178,51.43271375510881,53,5,0
670,19.33433988236887,36.62349897265803,45,2,0
671,37.41913561566063,23.47300613371862,21,4,0
672,17.005843641541055,70.72188007933403,63,3,1
673,28.112784739256366,27.811509997007324,7,1,1
674,25.259920674741537,62.582365000544016,19,4,0
675,39.559465422715164,39.67348251168224,50,3,0
676,17.80097255420131,32.14472352485154,77,4,1
677,24.946389976143543,46.58260660435222,38,3,0
678,39.236760831884226,76.10120433560675,36,3,0
679,36.637678147349504,47.44655038332009,49,4,0
680,35.426801773731995,72.5538754447739,33,2,0
681,21.447570676123497,28.784040775940547,74,4,0
682,19.272189684751645,74.09399937655553,32,4,0
683,31.716080498110774,36.5853327434654,30,3,1
684,38.23439972818964,67.4175190922211,53,1,0
685,28.919072325348246,59.60470883886975,43,3,1
686,29.290317236747498,85.04013020481811,33,5,1
687,21.999477341507102,47.112576258271986,70,4,0
688,34.23732332979842,24.631563218410832,61,4,0
689,19.676093713938084,21.340883988587702,22,2,0
690,23.09198091010609,77.88009926809272,45,3,0
691,25.635910965410417,56.731494636300255,55,2,0
692,27.690259467111375,74.26708362844644,6,4,0
693,21.060243310377004,36.40979200080603,88,3,0
694,17.87092061848009,44.15586218592636,60,3,0
695,30.265501061040816,22.107271054792324,2,5,1
696,22.215763831006395,87.30446272018786,37,5,0
697,29.530955535565305,66.75075346905695,83,1,0
698,18.859067881855058,85.32435614315143,33,5,0
699,27.028502546370436,38.58474852003506,43,3,0
700,28.314735813789646,62.80245278579626,29,5,0
701,16.295588420560673,67.49499778048465,16,1,0
702,23.415106954848014,42.228479018031194,58,4,0
703,18.360366923474356,79.3676464510941,9,5,0
704,16.584374261819192,86.30130240301735,98,3,0
705,39.74900580974863,81.9398582387203,83,4,0
706,23.058846124368074,71.73468831575607,17,3,0
707,35.24686114636587,39.42252758074678,44,4,0
708,21.366016369094098,39.713122947394226,90,3,1
709,32.03756805559823,87.43522243122266,58,5,0
710,34.00569649724216,20.71991471549844,61,5,1
711,29.890968515196107,70.12349812695011,58,1,0
712,26.78940471375396,69.43723137886835,48,4,0
713,25.296022853681713,63.58826786648582,99,1,0
714,23.721706663574885,89.3076192260806,62,2,0
715,38.23822860619565,41.831560503460764,86,5,0
716,35.76548519469323,43.798030465527376,31,4,1
717,39.12567276666282,25.52575820625889,9,1,0
718,18.10743058713862,50.99586955806162,10,1,1
719,33.27168688009111,38.27339683643937,69,2,0
720,38.458511420525944,44.037069152435095,61,1,0
721,19.530826654141503,78.42002531789393,46,3,1
722,16.662406684169436,85.4839159469247,33,5,0
723,33.528016232251474,33.001315040363,99,1,0
724,29.3618278294978,46.07562520874261,100,1,1
725,36.0457194189568,85.00413934807759,16,2,0
726,18.494309415657238,24.326592248245582,53,3,0
727,34.88168279649726,26.465236967796496,75,1,1
728,20.040683001193614,31.395369244436054,84,5,0
729,19.091398571642614,61.664898388881234,39,5,1
730,19.106644948274823,30.533058970419823,18,1,0
731,35.364368005784556,87.76534670155135,66,3,0
732,31.629930517405004,51.27001690809642,81,5,0
733,28.076635619227982,55.106257224511644,52,5,0
734,23.970762103087562,37.26610310637845,63,3,0
735,36.930013520327705,52.967217670431346,82,3,0
736,24.811127685565886,66.33395428459082,46,1,0
737,35.41498598678943,72.582399586783,5,4,0
738,25.97837271425546,72.77076578969391,15,2,0
739,24.423610735622688,60.452377888586184,71,4,0
740,26.56699464174016,83.30518424957,17,4,0
741,22.534446854103553,77.21854931142767,51,5,0
742,33.69023450440628,72.99336802890377,47,3,0
743,27.56800975231198,23.892386517632243,42,5,0
744,20.80531737867043,20.48145735537545,38,2,0
745,37.48936433186421,34.87130940368311,48,1,0
746,24.597280534330284,66.44665157394166,11,2,0
747,28.588821527849717,48.783824221778204,9,5,0
748,37.661802774113674,48.16843815095182,70,5,0
749,30.605949897849804,81.92108217607296,54,5,1
750,17.9224510177091,82.68939936922871,0,5,1
751,38.49580309033688,83.642268483751,48,4,0
752,30.692701326785446,41.97146535605191,35,1,0
753,23.372640366427152,68.37390689174832,20,4,1
754,18.48180181658468,39.014322689205876,36,5,0
755,34.8506297317574,33.34268831521148,23,3,0
756,30.50181889821284,32.92427201431585,54,4,0
757,28.33652729940804,43.94753346045158,24,5,0
758,37.347314576273945,50.09703338458752,6,5,0
759,34.714930280613274,78.16644197385479,80,1,0
760,18.79187199331878,28.392376543089846,92,2,0
761,22.793051694888707,71.4448093176426,93,4,0
762,21.212228495361643,57.20184399325137,70,4,1
763,33.598657314316924,40.15617398731948,96,4,0
764,15.838310868394485,54.49737091729772,70,5,0
765,29.24724212178291,40.995944884391584,23,1,0
766,34.06146714351726,61.725736866681416,10,5,0
767,36.91914091904374,50.36907459986709,72,5,0
768,23.55204371789769,31.508387035521512,11,3,0
769,35.531432616800316,28.16081521889877,34,1,0
770,17.76579342388018,58.26869774504911,62,4,0
771,36.16130729336295,83.16891233002724,67,2,0
772,18.18721655829956,44.07703805903799,99,4,0
773,24.93218226400918,71.31000750558363,91,5,0
774,34.932384144488836,66.10629484578368,56,1,0
775,18.747935683719344,85.20884400166366,12,1,0
776,20.731284880816037,77.46867121093986,22,1,0
777,33.05631420982665,59.66236812338241,82,3,0
778,33.00091341365186,65.99213487638751,100,4,0
779,31.028690822132432,82.88705266088243,38,3,0
780,32.3487111116775,47.966314921085434,87,2,0
781,28.568111083689907,42.87562941004441,79,5,1
782,21.294976472673817,20.756775854463744,96,3,1
783,23.642399837597985,77.85857519340249,11,3,0
784,19.539942920035642,76.06864902823554,33,5,0
785,37.71126403334071,27.3118162670106,70,1,0
786,29.58479486915301,60.380016679289014,74,5,0
787,25.021285419090997,52.47871887168212,30,4,0
788,26.550145091103317,28.309636685637802,92,5,0
789,38.68208349029538,88.63977589425065,61,1,0
790,18.833785077902004,35.02871212243488,12,5,0
791,29.65574580041993,24.70639260633928,30,3,0
792,27.64721697211165,61.63931656513367,1,2,0
793,30.286355885866193,71.72066739931228,14,3,0
794,15.452754595521013,22.271041223303087,56,2,0
795,36.803097723603784,66.11023471089155,74,5,0
796,38.302957062090314,57.26043131660181,33,4,0
797,29.12832958973022,27.22855062125339,67,5,0
798,32.4162705969223,32.076671386245344,74,1,0
799,38.062484529432396,59.75820081212564,28,5,0
800,32.68096585783496,40.74503294593019,65,2,0
801,18.813476072856535,85.68210100559213,15,3,0
802,29.40720900417033,77.31181606388355,38,4,0
803,30.1678761595714,88.84970445595641,76,5,0
804,25.60326678255965,38.17695872652898,36,5,0
805,33.411105890618074,87.88065429585839,80,3,1
806,38.35917536922537,50.18637088540905,20,4,0
807,38.13921282266941,44.326315671962824,43,5,0
808,26.270984285103303,23.52446688785473,18,5,0
809,17.830951146018883,23.693568050172182,70,2,1
810,39.62102997405836,68.44078791626583,7,2,0
811,35.972452161148354,52.05502961038195,76,1,0
812,18.116567030081672,35.8565138225274,100,3,0
813,38.02104706543431,62.97792144276629,65,4,1
814,36.747409051553205,37.70006827750778,40,5,0
815,27.970951428151803,60.43422280410958,74,5,0
816,29.781885893623233,45.14461228878832,87,1,0
817,24.975067596753256,77.64865586282733,69,5,0
818,16.369040970550785,77.44873125367455,60,3,1
819,23.379931041147522,53.41452786856809,25,1,0
820,35.071336214950286,44.55733765345109,70,3,0
821,15.115800575115072,45.37918575913662,82,1,1
822,23.337479292278605,76.40001679677525,69,5,1
823,24.954217339773585,42.97256379583284,28,1,0
824,28.434890073448074,34.63415615947922,65,2,0
825,37.99639041031901,25.928183931271477,18,4,0
826,23.65864985914903,52.66851846190859,67,5,0
827,23.673830047405694,53.749246924388935,57,4,1
828,33.43753120274371,78.8636097282035,69,5,1
829,26.30544852224518,35.48670875122448,56,4,0
830,20.61512057349955,46.66938915678799,36,2,1
831,26.310987903317333,76.58840172255836,60,4,0
832,18.521425509494996,77.65365275242814,91,1,0
833,19.409674662655583,46.92277531851377,29,4,0
834,27.459194318486993,52.138681630067666,70,5,1
835,25.473136237613698,41.2300123594498,72,3,0
836,37.8711475267025,85.27884148935185,24,4,0
837,24.059847477915827,28.30506360191062,96,4,1
838,29.514708756951087,85.3624596101029,64,4,0
839,30.80660719798826,67.87065162847404,5,5,0
840,15.32736141470834,57.210050688071185,17,4,1
841,31.588434300417767,22.28613425491471,9,5,0
842,19.450899171743785,53.29173342754058,91,5,1
843,39.026757936736374,48.542367350191256,10,3,1
844,18.716568193827825,31.28531683825858,96,1,0
845,25.365603093175594,65.94867224504598,64,5,0
846,17.133741701966095,87.98056351578,76,2,0
847,39.92185629614868,59.35321677451676,100,4,0
848,27.554875258281065,70.0327293510762,83,2,0
849,29.884625433001094,24.791531679621173,64,4,0
850,16.676911934710688,49.23668970718963,51,3,0
851,33.749011759979446,28.14509396151471,66,5,0
852,20.247639827389644,62.89570848755573,81,1,0
853,37.45135723601784,85.69375107499083,77,5,0
854,20.12849101205018,66.3244412730147,30,4,0
855,19.767193016591662,25.376213382009507,90,1,0
856,15.913741696202372,44.8266343489558,16,5,0
857,26.80167362774998,58.546436560859604,54,1,0
858,29.121028331565412,48.224542929327654,92,4,0
859,16.642715985708808,78.35508073326207,35,3,0
860,34.38819041737526,77.02697032969925,100,3,0
861,26.332220868700688,62.8281714072255,25,5,0
862,28.1097567331895,46.14205615928937,52,2,0
863,26.019068673455706,37.87354616342709,16,4,0
864,25.01907652188315,27.411202274919052,85,5,0
865,28.991008282705447,44.84283784405878,24,5,0
866,18.88100614826781,48.92207620454037,1,3,0
867,19.548203262381776,67.30760475728516,85,1,0
868,36.54464052533793,66.07118770083014,4,4,1
869,38.65288655334082,24.907569774887985,3,1,0
870,24.332732906993826,47.668152080181045,35,4,0
871,21.768616828588844,32.72452070521533,5,2,1
872,31.099988580975396,30.976889372176398,20,3,0
873,25.21835427745241,77.91115048160722,76,2,0
874,15.634658891508622,22.934065170138027,100,5,0
875,18.90381493415476,49.34280131314849,88,3,0
876,32.89930572118494,31.774255903656275,25,5,0
877,31.473098547753786,81.55311509749319,54,2,0
878,15.677399812587087,58.99283592925246,38,4,0
879,20.549304048323737,36.19664454637936,83,5,0
880,20.776869914701784,55.16991010164635,32,1,0
881,31.79731858996821,71.2040451792181,13,4,0
882,15.492763443859104,87.06826062436036,55,4,0
883,17.602714549614348,35.43122029717932,99,2,0
884,34.997902134329735,82.03272404905417,80,2,0
885,19.463616551358342,85.40128799172432,20,3,0
886,31.31865269629687,84.14943811724464,45,3,0
887,20.954569526168164,64.47900498033368,15,1,0
888,17.48603481898363,64.08744581042953,15,4,0
889,21.07930477498635,48.22474432286759,83,1,0
890,33.05667329639148,72.66785176126515,28,1,0
891,36.39241170265714,57.19058128456523,91,2,0
892,35.75549661417479,67.42066498598061,7,1,0
893,24.92958824046137,49.99205326941568,87,1,0
894,31.702128414266156,71.20475248301973,2,5,0
895,20.124607385395525,77.71300623231843,88,3,0
896,22.328693256525334,30.25053796219713,18,3,0
897,37.40839546302799,78.30508009019596,96,4,1
898,15.325048087768401,57.82075722532151,65,3,0
899,17.1377132713617,79.12661363631571,78,4,0
900,20.197156378650682,50.191119443871024,85,5,0
901,15.663305096845493,46.532833976812455,73,3,0
902,19.535885877244933,84.05425127620558,81,5,0
903,29.576039024242306,37.581848728388096,21,3,0
904,25.53561376481245,79.09486277003002,45,3,0
905,37.31679277692437,53.88144007565829,90,5,0
906,35.436089043461024,55.98668097858818,12,1,0
907,23.5454337924469,41.59277970426388,32,1,0
908,21.485585835782313,60.1129540433311,4,1,0
909,24.49231020418167,42.76478373933479,89,1,0
910,29.757373562870193,22.74885899691566,76,3,0
911,21.701591020571907,39.039902374104926,26,2,0
912,30.603722696228353,20.446533038461347,77,5,0
913,25.23529130478101,88.48483509397997,23,2,1
914,28.801179521299506,87.60230468738233,66,2,0
915,25.903163228382915,47.66087082306135,62,4,0
916,22.361643988547943,70.98595980377522,93,1,0
917,38.71133267405392,44.20642688872975,98,3,0
918,34.09014485399402,66.97652099601832,47,1,1
919,18.502829394161314,76.38010301321853,62,1,1
920,36.711699397447816,86.27293712845685,77,2,0
921,27.18577995623784,48.01485930947704,11,4,0
922,37.363805672352285,74.83085880692335,27,1,0
923,34.996381398682885,38.61499154424831,43,5,0
924,25.630337611730837,89.32326126555539,92,5,0
925,15.561732708002936,21.80387191350458,42,1,0
926,21.71693398462365,62.247016455078466,16,2,0
927,28.540855366521672,66.16541871559289,39,2,0
928,30.836955495653683,68.16318899518902,48,3,1
929,21.447192135830058,28.42713051523623,84,4,0
930,18.483901851820605,85.69708484311913,56,2,0
931,35.873255919982476,32.682829533505796,86,3,0
932,39.61005451758881,63.592738226788875,83,5,0
933,28.142254557567146,35.58732553861594,63,5,0
934,19.291982146207587,41.50514919148896,74,5,0
935,21.807683162984226,58.25209792096871,56,1,0
936,15.459766913686668,49.20353929952036,97,4,0
937,37.857470164012476,31.21579206835544,73,3,0
938,17.94377707225353,31.96554816945938,73,4,0
939,29.41291188785634,49.27013517139598,69,1,0
940,21.85138051718015,73.00980847928506,99,3,0
941,28.854450062894834,82.8575252793452,87,3,0
942,31.285509708796607,25.888936358156798,75,2,0
943,35.74354509268004,47.517273529158075,42,4,0
944,20.16053179401508,27.017189460601365,22,4,0
945,15.274895716462012,21.161473644281852,26,2,0
946,18.422140751720182,66.32030778507696,57,5,0
947,37.50046604620263,62.171460937661145,36,1,0
948,36.847251939062886,31.411337967042034,5,4,0
949,29.935327554257707,36.36689831651449,64,2,0
950,30.012921510841334,21.659542755116288,5,3,0
951,31.625916863656386,78.44630439860826,49,2,0
952,19.38428196558624,88.2283417233986,21,5,0
953,37.860298648123994,29.482167575628356,87,1,0
954,25.469263122301825,36.20326496357087,24,5,0
955,24.578463206237437,80.78866667628537,78,3,0
956,27.97294263207094,84.85246585693294,89,3,1
957,16.174149169376378,49.37391679647672,71,3,0
958,19.157084218901986,23.54357305883519,50,3,0
959,33.45084041065926,22.757428358497357,87,2,0
960,17.069966698128162,60.176490624830734,47,3,1
961,30.078802736659703,47.502657622522534,69,3,1
962,21.133727742033024,22.005669930435815,98,2,0
963,24.732390351049414,60.827667461878974,64,3,0
964,22.217343419267497,20.791177561231574,59,5,1
965,23.89181791162373,75.11603707044911,45,5,0
966,32.97614762960614,41.450297589236015,35,4,0
967,22.428042890579377,22.818060210646248,57,5,0
968,29.16011600742243,61.18465546882073,75,1,0
969,26.90126005497749,47.83790901031383,37,1,0
970,31.591779134066204,88.16602893500047,10,1,0
971,38.420743483118954,58.09390637525915,11,2,0
972,33.31430243025626,39.26674267259058,41,5,0
973,20.37350946476892,69.66072052437823,38,1,0
974,15.779578376532116,39.00444017798979,70,4,0
975,21.556601107495627,83.29703039852956,10,2,0
976,29.87694826750637,46.23053793551635,35,4,0
977,16.28564533710626,58.49079939433437,51,5,0
978,27.40915618003091,23.54011726769602,30,3,1
979,29.92107122292223,49.82848665665615,32,4,0
980,23.356097270424023,78.26544777626964,12,3,0
981,34.272805093645545,76.39541637543394,17,2,0
982,17.664956328344296,35.70229911974684,40,4,0
983,16.87844454339522,35.82553497073938,57,4,0
984,33.20471890509008,77.21137185492657,55,2,1
985,27.38728290515496,85.12788941185279,23,2,0
986,32.2100599106934,26.675264489110248,72,1,0
987,25.870683465093656,51.50410475983577,30,5,0
988,21.16005083097767,43.62179952749602,54,4,0
989,35.477557941855,80.94819188202075,9,4,0
990,34.985396974224486,25.846744027601314,59,2,0
991,32.367411771360665,34.778815979062614,1,2,0
992,21.803628430749068,72.67278363105461,14,5,1
993,29.755766671727176,23.59056942868509,2,2,0
994,24.02434742350067,54.47747665000025,42,3,0
995,17.289551833165852,50.9474924275804,30,3,0
996,37.93283938655607,43.40808252921241,69,3,0
997,18.420465772974033,47.620062072324664,66,3,0
998,38.75593384552006,57.095841085116305,55,5,0
999,26.150144323948894,31.29571508718682,62,4,0
1000,19.62832322096549,60.03971147985149,74,3,1
1001,28.54752368445895,76.38026305099905,14,2,0
1002,36.82364589691021,73.21126508531114,91,3,0
1003,33.305622160239025,30.77299332856416,9,5,1
1004,35.16402869653624,30.447462881903174,37,2,0
1005,31.469584167767934,38.77220574214393,46,3,0
1006,32.306914112946316,45.275230843872606,56,4,0
1007,36.22989128913298,48.59189069859379,49,2,0
1008,21.241700221479647,67.57880517833416,70,2,0
1009,27.235624091078513,23.96763025160848,14,4,0
1010,20.530236045490057,22.427089295824647,17,2,0
1011,39.69170019991617,47.43373940607363,81,3,0
1012,38.60148349216533,68.80145844965864,87,2,0
1013,15.985670284212647,33.54047400695378,1,3,0
1014,32.63937931289221,64.90531368793762,83,4,0
1015,38.13120793539164,38.187969655820964,97,1,0
1016,19.51438362818334,82.02602761694615,42,4,1
1017,29.198630763815736,82.69829609866315,25,3,1
1018,37.887207439701044,40.81010429969285,70,5,0
1019,15.848649464644971,36.09956277742684,37,4,0
1020,32.435506681171,48.79127804463619,93,5,0
1021,22.43372518431377,36.83721096261041,41,5,0
1022,38.10990488441326,67.06686903041926,4,3,0
1023,39.27645612913419,77.82452791837999,10,3,0
1024,38.60666222783585,67.11644916378519,64,1,0
1025,26.855355416436595,77.70453130745446,33,2,0
1026,36.55106627473283,47.78945135452319,0,4,0
1027,36.11373496337676,30.942187949620262,82,3,0
1028,22.97751183108139,71.65656631783145,1,4,0
1029,35.72288685376694,45.23321535990877,84,5,0
1030,15.925190867887316,66.98895776603928,19,2,1
1031,29.906746962051326,38.9450759387236,60,1,0
1032,20.750220932192576,25.686074436467088,86,4,0
1033,18.01417214443197,89.48072568414344,20,2,0
1034,16.92383004073023,30.934105555141947,87,1,0
1035,32.407219396953494,89.18946957744367,67,4,0
1036,23.49687409420165,88.40959527965131,11,2,0
1037,33.11916928821904,75.56726727356278,21,3,0
1038,16.63390851997356,66.15960734573983,19,4,0
1039,22.88225844576526,60.44649351757593,81,2,0
1040,28.48728230938343,80.62710817644843,0,1,0
1041,34.76807912097409,40.26076651336416,29,2,0
1042,22.968812573301747,52.73768487394139,96,3,1
1043,30.647284410925227,63.35729785565513,23,4,0
1044,37.14944370590467,48.78333331086438,13,4,0
1045,30.396579704557617,49.924051786318756,35,4,0
1046,20.823986868840844,43.11992672514591,68,3,0
1047,15.61001953891345,59.496227167917525,74,1,0
1048,36.752471847523246,79.54021696105812,23,4,0
1049,15.531735271259679,34.1069864604419,59,1,1
1050,36.867541817104986,85.4103127127409,94,2,1
1051,28.2234283506803,68.23613576237608,54,1,0
1052,38.476692462822406,77.6291248876021,76,1,0
1053,34.96958089434163,58.93334848410081,79,4,0
1054,39.94835276333343,74.56616909968444,23,5,0
1055,23.767795386292754,21.134027813762703,76,5,0
1056,34.17970722327817,77.28662973456747,23,3,0
1057,25.048272840231053,22.809720135975656,53,3,0
1058,26.99689050759772,82.29393634540037,25,5,0
1059,30.68763658045925,89.43739230670504,65,2,0
1060,36.841927854658465,40.58472235237445,79,4,0
1061,39.602086729982375,34.72229894000556,37,4,1
1062,34.206835346612955,73.57543547006284,64,2,0
1063,25.444169554183343,37.71184386441773,74,2,0
1064,25.533925056926755,80.58936682205425,50,5,0
1065,33.43955753972229,27.19898145102337,34,3,0
1066,20.969428644207557,28.81686374655508,42,2,0
1067,17.761852828284866,88.5406088570431,28,3,1
1068,23.865553941019414,67.16872287890033,36,1,0
1069,22.180974791352043,79.2821057100267,80,4,0
1070,22.407703011399754,42.703056414606266,57,5,0
1071,20.840193776247748,67.35386246644231,53,4,0
1072,16.052329740909048,61.5969279116018,38,5,0
1073,15.446848368335345,62.22050840860629,41,1,0
1074,39.69305974340079,67.77727216764052,27,4,1
1075,25.694328343396556,60.2751421190369,28,1,0
1076,24.608166178992043,50.03436585118662,42,5,0
1077,31.991182067326747,39.31458860663828,2,2,0
1078,20.456347196626602,73.80069316392414,9,4,0
1079,38.749029598755634,35.83907010022303,58,1,0
1080,34.6586253603888,68.46480143080899,13,4,0
1081,17.235275057806486,36.33329758545287,75,4,0
1082,25.43951939462321,63.77311189681177,46,4,0
1083,36.97795768905412,72.29547869903203,41,3,0
1084,38.61830055728525,35.30997222345775,93,1,0
1085,26.68503778124674,24.19603106029158,31,1,0
1086,30.335284730267695,29.168162009592187,31,4,1
1087,19.17584865230188,62.41978770897178,41,2,0
1088,39.779215653424416,79.46124843580148,31,4,1
1089,20.791792534586087,23.149777486479707,25,3,0
1090,38.56829435337814,71.39058813291524,0,5,0
1091,31.241166224809213,43.892305216503644,55,3,0
1092,30.19341987197148,53.496985894366574,1,2,0
1093,27.817212775412713,85.02016848918959,80,4,0
1094,20.766745292943966,43.238005331509186,29,1,0
1095,19.41320080013771,52.573585375764026,70,4,0
1096,20.512155226754384,20.95776903324768,51,2,0
1097,19.66095655360636,25.711910400338684,90,1,0
1098,34.48961183916883,38.10141137943488,8,3,1
1099,23.753131479168253,21.94965685747521,21,5,0
1100,16.44606691408491,64.19627282337757,33,5,0
1101,39.22756575352028,49.847884976113576,48,4,0
1102,37.09464712408564,58.37016419096154,0,3,1
1103,38.19380707988032,32.22530301274307,72,2,0
1104,39.872695566160886,40.71524206056313,83,5,0
1105,19.347381230487184,66.46771323969077,52,3,0
1106,24.90605047256647,87.57119065412799,82,4,0
1107,33.95596189260228,23.529174152154646,99,1,0
1108,32.4005154513448,82.32690245986862,39,4,0
1109,18.847397658496376,60.38168409178459,44,4,1
1110,35.395828124765444,59.47436967289366,67,3,1
1111,20.61101429591652,55.01949746454322,8,5,0
1112,20.595440370565576,24.85758601329284,21,3,0
1113,28.42436057233534,26.29137962153125,17,1,0
1114,29.82349837104258,62.06384039613603,75,3,0
1115,29.502155195945278,43.86710000048908,42,2,0
1116,17.287170934943873,84.20876466043765,38,4,0
1117,36.936521565759506,48.46133761516306,72,5,1
1118,21.64000106471765,30.029702109184875,5,1,0
1119,18.237873032070105,70.03031834514252,82,4,0
1120,37.218701996724434,40.534739500870685,47,3,0
1121,38.891287455743836,56.78292151491252,6,2,0
1122,36.55319043163627,68.8482949853619,79,3,0
1123,35.23790186812195,83.01848778414492,68,4,0
1124,31.381049515975544,75.45338363611734,15,1,0
1125,28.771434265228482,67.34527475109068,0,5,0
1126,17.174668997785254,67.57432276766005,36,4,0
1127,25.211330326767467,86.21472508224606,82,1,0
1128,24.31721292530785,40.70768682475752,36,4,0
1129,21.493844594008156,20.077846593733117,80,2,0
1130,33.08550284221462,39.03681915787391,63,3,0
1131,27.39689337696927,35.252396573872076,89,5,0
1132,17.0261553976912,66.32842095797987,85,1,0
1133,20.504580048745282,64.35981198358704,61,5,0
1134,32.08146909148989,61.54229678933067,71,5,0
1135,16.903271487257506,21.13704102466176,60,5,0
1136,36.28017285121922,71.01446381154533,32,1,0
1137,27.37866317534936,42.64712887398441,65,1,0
1138,27.0146644331662,66.55391923046417,29,5,0
1139,29.81019461648794,58.96048999515073,19,3,0
1140,35.61702414812873,43.9911647799535,59,4,0
1141,23.695230197554828,29.42033869728754,81,5,0
1142,31.95040381397659,26.609322836233666,73,2,0
1143,29.143299099894776,78.20628331785565,23,5,1
1144,21.675706754235534,84.28782794570905,3,1,0
1145,36.96574965887895,65.48516327350097,36,4,1
1146,34.9356505401732,27.240388040233835,3,2,0
1147,31.461295866460638,48.14190518217685,76,4,0
1148,36.26454322735604,71.025744007361,88,4,1
1149,36.68235502399506,74.58746188070477,76,2,0
1150,32.70907441787587,28.2753035603762,17,5,0
1151,35.925333209091804,20.00215031917677,87,5,0
1152,32.43678654173209,69.84959321164234,65,5,1
1153,32.00351929400751,44.9617323190344,47,3,0
1154,30.46528445537961,37.81369321327821,32,5,0
1155,33.81791598894103,20.90282288526678,57,2,0
1156,18.96512763232684,57.82095847330498,82,3,0
1157,37.02176897997321,79.58055147981872,72,5,0
1158,36.7960881936308,87.03421523908115,27,3,0
1159,15.731182075863979,59.60214654293024,34,2,0
1160,35.64541876411907,56.012292941792595,9,5,0
1161,18.22174668683613,25.953946984246876,64,1,0
1162,23.377971356478547,58.42109610798198,41,2,0
1163,33.5877064072902,46.598535527577624,84,4,0
1164,19.018997401207706,62.499469661850384,8,4,0
1165,35.44917560297655,47.21084435135827,59,2,0
1166,35.80335444894355,36.82093864152567,14,4,0
1167,27.686693344020906,26.647569265986355,98,2,0
1168,15.159646792920839,42.0442911212227,56,1,0
1169,22.17595332937282,26.76513840014266,68,2,0
1170,30.423172959393554,32.38278655767888,21,5,0
1171,39.529654450685584,89.11353110056821,63,5,0
1172,30.79533817541671,51.087248983463304,40,3,0
1173,21.495089526603994,57.23102365535116,86,4,0
1174,30.85014257749028,81.15329701160508,70,4,1
1175,28.499634492896387,89.68982303434815,55,2,0
1176,34.49613487877859,60.79001145412771,22,4,0
1177,17.67451597067396,76.87316747309202,24,5,0
1178,34.025697562550704,42.88587170356727,90,1,0
1179,28.531664466902757,41.402077021310376,5,2,0
1180,39.07480009647487,48.189260469619214,33,4,0
1181,23.54680415096715,67.07550838715544,62,5,0
1182,30.815547328348703,67.75341824785691,8,3,0
1183,38.30070263775043,42.06676042546155,59,4,0
1184,17.56274319976698,29.32469468956401,48,1,0
1185,38.43071218091128,64.2677379525856,96,1,0
1186,32.197143057520336,28.982810353213516,50,4,1
1187,16.695926477629296,60.494475576053105,59,4,0
1188,22.524089173670404,68.53954896394163,69,5,0
1189,32.704302216132035,69.04280474761161,36,4,0
1190,16.683765036719294,72.74304774617177,30,3,0
1191,29.55426150440683,81.10015950959652,97,5,0
1192,23.64707642382392,54.99712943753519,40,2,0
1193,30.522887944186927,71.11744326706997,61,3,0
1194,16.14355084531282,63.34209147560857,92,5,1
1195,36.78842015380941,33.06479578583778,57,5,0
1196,39.33722422943492,21.79827514085857,13,1,0
1197,39.22194638214229,39.91789699738536,35,5,0
1198,33.741295793573116,51.01235944363336,35,3,1
1199,18.2521560032658,63.19741611000594,78,4,0
1200,33.95657989822556,79.49715313522438,7,3,0
1201,15.614672911470038,33.737200169431595,25,2,1
1202,15.553088788224931,28.788485292893398,35,5,0
1203,23.09025547873853,87.44359632320293,47,5,0
1204,27.216079760116642,27.5631191563485,84,5,0
1205,34.26018544519483,53.49437490750324,27,5,1
1206,32.08238441516263,60.989461015531134,67,1,0
1207,26.14756765941871,57.89620946352068,61,1,0
1208,21.840666657041645,26.022250992306024,79,4,0
1209,39.92811250394278,23.991883980253355,85,5,0
1210,25.654532555899323,27.383839922272497,75,2,1
1211,26.284675608241887,60.99113787108288,79,4,0
1212,19.090595529791727,58.10414213440248,50,5,0
1213,34.87023871874823,36.36185544257209,41,1,1
1214,32.34205564453721,64.64418992919141,100,2,0
1215,20.51924031971901,77.40472514389546,28,4,0
1216,17.059526140396066,22.910527189261565,81,2,1
1217,32.012482551867826,54.86909604836297,9,5,0
1218,31.36278035702838,68.25172884718832,38,3,0
1219,21.831488174955233,37.6618348948781,81,2,0
1220,38.771589056260254,41.54396337052044,0,2,0
1221,18.776447294522505,62.95465320925687,38,1,1
1222,25.80837002606505,82.85547054106158,20,5,0
1223,38.59039800418997,76.69470942120296,64,2,0
1224,25.493182923153057,60.819115336970846,14,5,0
1225,30.96314869160214,71.11552024300744,3,1,0
1226,24.939859949069856,45.537572914545905,59,5,0
1227,21.85538005871675,64.86758696691304,60,1,0
1228,39.599441198995706,52.63271137892899,19,1,1
1229,25.233350157876075,33.295529552029265,9,4,0
1230,37.352480091978364,69.121679171408,86,5,0
1231,20.748865147277154,58.95252461441754,33,3,0
1232,20.327617600627082,45.103510736751396,47,4,0
1233,15.778352072112783,83.79374330550415,32,1,0
1234,31.291670634397125,21.465388247871328,97,3,0
1235,24.21315859309403,42.10412058746472,60,2,0
1236,36.608956245990925,23.98169784443526,9,2,0
1237,26.83024766728893,73.65691213551389,53,4,0
1238,39.20483569786804,69.14752178796547,83,3,1
1239,19.63813789257803,43.19465531154219,64,5,0
1240,36.71557919889027,67.29640315449511,76,3,0
1241,34.41492131979354,47.71560583371649,0,4,0
1242,34.2730461161013,72.9377653995704,4,5,0
1243,36.11958070292219,51.79285639156943,79,5,0
1244,34.02559977357497,48.85958094821659,14,2,0
1245,30.655508040785385,85.43109408418107,27,3,0
1246,18.28112194205969,37.56153699234902,94,5,0
1247,15.813154487281299,28.43131379975958,22,4,0
1248,38.02119619539217,60.91801792816207,16,2,0
1249,30.41625786301845,87.85252685989252,97,5,0
1250,34.91343227440441,46.44874496090307,12,3,0
1251,27.038058787813753,24.342573454014705,13,2,0
1252,17.93270472405986,43.75136871166972,10,3,0
1253,18.129644805063762,55.41521580236909,27,3,0
1254,32.13913218072429,31.334610464254958,41,3,0
1255,25.757647372486566,66.06715526395445,95,2,0
1256,20.013118167508416,89.84245723071405,98,5,0
1257,27.289863668535922,51.62176331870107,60,1,0
1258,16.605223426878354,44.83099897111488,63,5,1
1259,29.549285047859968,48.049291678412665,30,2,0
1260,21.724835110877443,28.06023248766408,80,1,0
1261,34.93897751592971,81.82915209983567,72,1,0
1262,22.759048973089342,49.037795886494635,9,1,0
1263,26.38050372704503,47.109208799738894,7,4,0
1264,15.290513497702516,66.1783191051332,20,2,0
1265,16.81117219486397,50.94233946517865,76,4,0
1266,24.81233891016712,65.37634281654923,58,1,0
1267,26.998470867928088,24.301240309155126,49,4,0
1268,30.000513702982595,76.96063406055592,68,4,0
1269,22.29156446773258,85.83527670155819,69,2,0
1270,32.37454715316356,65.41357703115702,29,3,0
1271,36.503059929730114,86.81961502011676,94,4,0
1272,34.496274722333744,30.60026200589743,16,4,0
1273,15.990470633708929,53.41913326362476,74,1,0
1274,27.012673681445726,62.12647137618131,19,1,0
1275,17.623254460454373,60.72156531948307,47,1,0
1276,21.051125396563187,48.10232453623303,72,5,0
1277,39.66656483167866,43.6659086556383,1,4,0
1278,18.56238857253783,28.877681578529316,36,1,1
1279,27.472203836283903,47.421971539359475,0,2,0
1280,30.45389335795298,31.386257057383958,3,5,0
1281,32.561624263602596,71.4055973544553,99,3,0
1282,28.991217087172853,34.6181654846213,53,4,0
1283,15.244271185479592,24.09957136991737,24,4,0
1284,23.1615327060998,58.6656296472064,2,2,1
1285,27.942791084617788,61.666081290358115,8,3,0
1286,17.196662478620834,81.03391428963539,85,3,1
1287,23.76567328022952,60.38871286923773,86,5,0
1288,15.830077719784164,44.183659760641206,75,4,0
1289,16.964462428875517,76.21083170684244,73,1,0
1290,24.9230819050399,57.819522523119474,33,2,0
1291,18.31789385107651,25.54961992418342,42,2,0
1292,29.188521206538955,59.609539221927264,73,2,0
1293,32.236624228431644,83.56129817951637,93,2,0
1294,35.01466747772707,47.74188378487544,21,1,0
1295,20.003756106120253,40.742806132986004,69,1,0
1296,19.187064556476745,30.042861991261404,1,5,0
1297,17.614196008360008,30.601186535475012,93,4,1
1298,30.910756238590917,50.29400390392732,65,1,0
1299,32.66189316217253,61.69758769130707,31,5,0
1300,15.789653620641051,25.64307836187212,15,3,1
1301,38.405306156092244,85.7698012317616,75,4,0
1302,16.29928209128681,72.85935322116372,0,1,0
1303,28.53240838252676,61.063674279856386,71,3,0
1304,32.72651298627291,77.99070696572936,47,5,0
1305,36.77422809365214,25.61307297684793,49,1,0
1306,32.85217330331069,53.37872144131871,12,1,0
1307,35.04320207674479,64.10651888031643,14,3,0
1308,23.486254813570152,78.00570342828024,52,1,0
1309,35.3706278436628,74.84286920344874,43,2,1
1310,17.00287115961688,39.39484747993798,7,1,0
1311,37.37041640151319,85.8616118691443,73,4,0
1312,28.689809403843405,28.704208900160925,45,3,0
1313,35.43244424906234,81.25935330348065,68,4,0
1314,26.307957112957503,87.9658174723233,18,5,1
1315,31.089442379913123,32.40074662558379,37,4,0
1316,28.160066523402833,70.54462449426497,10,2,1
1317,33.2897380438833,22.819986314459893,42,2,0
1318,17.04074955076474,48.37959775974085,19,4,0
1319,16.508802099764097,56.13983094383718,19,5,0
1320,21.177580850253662,60.64516581367439,20,1,1
1321,18.98861700282971,85.51560737739916,81,2,0
1322,36.794589164805046,67.05754811059363,56,4,0
1323,20.480349683951108,53.68945658534659,49,4,0
1324,39.39663139547828,76.67725253861225,73,4,0
1325,23.422394794277672,86.53729746680862,97,1,1
1326,19.55294789221748,21.54463040776036,25,3,0
1327,34.74246267856198,88.7764890579227,29,5,0
1328,31.467694387521902,26.029249734457622,72,3,0
1329,27.454892911328475,77.00707454881329,30,5,0
1330,28.88408877344078,39.623432678598874,41,5,0
1331,32.980044456806596,29.25257604277102,67,4,0
1332,20.711368533282467,50.78989477996844,60,2,0
1333,39.90834790141855,65.07696056133295,60,4,0
1334,39.36982905366958,46.66662915164325,69,1,0
1335,31.258142158673422,23.819578579788928,77,5,0
1336,19.988561273228626,61.962279776110165,67,2,0
1337,32.00570606078229,83.16822932774724,89,5,0
1338,16.804960224479395,46.825075616307615,16,5,0
1339,15.766312555145152,35.143294434157895,18,4,0
1340,21.442072212780342,50.980414215297074,50,2,0
1341,26.565573918482908,23.385389773414662,69,2,0
1342,36.706812635209516,77.43413091361924,62,5,0
1343,33.1792267441577,77.84385676651307,92,2,0
1344,33.56766302999952,61.16003244007399,74,2,0
1345,25.637333361201883,44.71720222568726,79,4,1
1346,23.648374813674074,75.98483551120484,29,3,0
1347,24.27596907461507,58.8280917351857,24,1,0
1348,39.69123909340145,77.81526159850114,74,3,0
1349,16.002729785312063,64.20211548081144,70,2,0
1350,36.675787403061214,74.9083831248958,25,5,0
1351,29.466885214309833,61.8994095252432,55,1,0
1352,25.965385479739762,48.98987477509664,21,1,1
1353,33.13144151037841,87.05621019482963,88,5,1
1354,27.16672353561757,57.87796774151913,18,1,0
1355,36.83558095204151,62.356266297837685,30,5,0
1356,37.51754660028146,35.434134759032446,25,1,0
1357,25.543023171836385,63.79555525990936,41,3,0
1358,21.920694930876287,60.01253546380607,40,1,0
1359,29.808758214834057,32.93868785629175,99,4,0
1360,37.80908364041727,24.17109681472006,22,5,0
1361,20.266554725141663,62.305152380033974,46,1,0
1362,30.57416458908707,73.45845885452243,12,5,1
1363,30.789005502313014,56.638095964540575,88,4,0
1364,33.327825560382024,35.8740837723752,65,1,0
1365,18.289192128181494,66.65653836851244,65,1,0
1366,32.895624117052215,25.607400862672158,15,4,0
1367,37.72581301664103,50.92835933613682,72,4,0
1368,19.492077721756047,31.435673087889413,27,4,0
1369,20.93858312309694,32.912133574191834,76,5,0
1370,39.28487735104099,34.160576441074255,34,4,0
1371,19.524423817737244,47.06949399307845,40,5,1
1372,36.35962733423948,23.580514393427833,76,3,1
1373,27.30694641120087,47.845540865036874,30,1,0
1374,21.180776860079426,55.81952129802906,84,1,0
1375,36.768747531812785,53.83059994764277,31,2,0
1376,26.132631375066637,46.79488702821284,53,3,0
1377,27.870433848242257,78.74026256495267,97,4,1
1378,23.98083423499414,30.172868469435286,71,4,0
1379,29.823771285873185,55.398772064696175,58,3,0
1380,19.08809681462557,24.3428991869588,40,4,1
1381,24.77703841629402,24.980897521453684,65,2,0
1382,39.23530805838219,60.17060947739674,95,5,1
1383,21.45333581752819,59.62128974214747,53,1,0
1384,31.418416613532305,81.462345899112,39,3,0
1385,23.129751605617372,59.05115729620512,27,1,0
1386,34.33682814216502,87.18537142833951,36,5,0
1387,18.271841517958745,23.408639387995084,64,3,0
1388,39.24552612696362,26.860537934651873,73,5,0
1389,26.34473853459098,23.084610309926695,54,4,0
1390,20.9012615836616,32.9693795233478,3,4,1
1391,16.837418683250316,57.888907765917466,98,4,0
1392,19.24394762718852,65.19005269991996,9,5,0
1393,27.994348713900443,23.190961056406817,46,5,0
1394,23.425079410782157,86.21796228919195,74,5,0
1395,35.72208414706523,78.95157636552668,13,1,0
1396,25.772188091545146,40.76287375099652,37,5,0
1397,21.217856814690748,25.403127115852758,11,4,0
1398,30.42862466510075,31.89209512533401,44,2,0
1399,32.669430422136145,28.886108962848088,16,5,0
1400,19.176047697523746,28.62986455092628,79,2,0
1401,19.190480407207943,56.29931820660138,34,4,0
1402,15.916785673338575,37.20932097453802,65,5,1
1403,33.41005037664101,45.069780157040114,74,1,1
1404,31.595113190545128,89.26537333690257,40,1,0
1405,26.865771893745347,67.90199742477412,66,2,0
1406,36.10426122422993,86.42864669329009,28,1,0
1407,35.14175382375133,29.978958852318094,17,1,0
1408,29.633859109918802,46.74976323827985,19,1,1
1409,36.70678201283147,58.8312262297648,13,4,0
1410,20.146030250919207,25.373064332211662,33,1,0
1411,17.7979904849432,20.29312105395705,48,3,1
1412,21.74374028792474,66.93040336578423,53,5,0
1413,16.427171402232872,64.92736617610048,30,1,0
1414,28.2792382000258,48.75521669997282,57,1,0
1415,38.41514230737404,54.27508532224228,41,1,0
1416,15.983588516712741,49.08101004144628,57,3,0
1417,18.052747850250668,21.68035313914222,81,1,0
1418,26.30497570708588,43.47601243522237,29,1,0
1419,38.34687543819762,32.39575787781029,24,5,0
1420,22.903902624418762,26.889693237095813,62,3,0
1421,27.68087021720981,86.97043037225448,18,3,0
1422,16.0393214762598,61.95518075295159,71,1,0
1423,18.70858002405222,71.00593989656218,91,3,0
1424,39.665753073971175,42.07546202862822,7,2,0
1425,39.127967410901135,47.52029906458107,94,3,0
1426,15.123499523360241,36.58467957277064,2,3,0
1427,38.79529463558097,26.78759696757973,66,3,0
1428,30.97799844538751,32.532214620910864,85,4,0
1429,36.697957363000555,75.825983170754,80,4,0
1430,26.368496390846477,67.4282063628643,99,4,0
1431,27.889900714481257,58.28502131898338,16,3,0
1432,27.221164506423005,53.256291100673764,13,2,0
1433,31.67160643865261,84.57039985592871,8,3,0
1434,18.49128136890782,25.09144634450679,61,1,1
1435,15.749339746816949,39.64205692665412,93,2,0
1436,22.698248539779772,44.49564974994998,20,4,0
1437,32.61701906841617,74.76980685489515,75,5,0
1438,20.04633630307371,89.47602341133799,36,2,0
1439,31.835810833122935,36.846936033000716,95,4,0
1440,39.24780115268176,81.20151338959565,10,2,0
1441,17.34751789473546,78.14359323022539,19,2,0
1442,31.815052955628158,35.72601783492367,34,3,0
1443,26.093755482614277,47.95328061394558,52,1,1
1444,36.703556359437634,48.677100850476336,46,5,0
1445,19.428744736184647,88.47544679685909,74,4,0
1446,32.315648805654114,32.66243309652288,51,2,1
1447,35.95288224120276,75.94105797733474,7,5,0
1448,38.61535548685058,43.39348999211769,3,2,1
1449,32.081200707241145,71.16092420433122,26,1,0
1450,27.429369100210682,49.4007703006964,43,5,0
1451,30.446181005030347,60.4851834181578,39,4,0
1452,36.72262461196796,78.28282413282918,46,2,0
1453,29.265243665970743,76.29158954887188,93,1,1
1454,15.75967649242092,80.64962284777901,43,5,0
1455,38.273717387674445,24.17321277412613,47,2,0
1456,32.23816877578903,68.44353871278213,90,2,1
1457,31.912834644431165,29.7991163705234,84,4,0
1458,20.39187880994293,49.10729976128877,51,1,1
1459,31.47213675581643,58.40118905382819,83,3,0
1460,24.846610141353963,48.19176393227815,67,2,0
1461,31.280824426037302,56.37281730621052,10,5,0
1462,17.664825757699766,89.75684161590334,76,4,0
1463,31.4461326150759,29.465211959899833,72,4,0
1464,39.985343144266665,67.28192317354979,3,2,1
1465,16.2053009715139,47.720067646993066,75,2,1
1466,39.429354605532936,29.310685923513013,72,2,0
1467,25.172699018071768,31.111573436201667,76,3,0
1468,36.76883625843148,86.44911743719318,47,2,1
1469,34.559637101456836,81.57210476982334,25,1,0
1470,29.175406524666695,83.49293722905153,76,5,0
1471,33.46123023128317,89.40729430791706,38,2,0
1472,36.962889032533695,34.582077300596254,91,3,1
1473,25.103508041275823,44.88075361548432,57,5,0
1474,23.175829039080966,66.84533209474067,18,4,0
1475,31.689834639089618,53.86617779024531,87,2,0
1476,35.19614854853147,49.287267336483346,82,5,0
1477,34.057128369415395,45.04678745349152,76,4,1
1478,34.94534122146587,61.56464423604165,76,3,1
1479,25.889582870323324,60.29154000480574,57,1,0
1480,35.445855404375536,31.302048384496807,27,2,0
1481,18.00522638426521,53.021788626290736,65,1,1
1482,28.61222744902124,58.743024334689494,9,3,0
1483,15.143966512453039,59.92008571119733,85,5,0
1484,23.114645747506756,34.70750350386463,76,5,1
1485,24.161538371784946,71.95899745766008,57,3,0
1486,24.904317290231383,21.763936637474874,72,3,0
1487,32.38668016724655,44.83822988802139,96,2,0
1488,24.713952531758643,74.61488539749435,13,4,0
1489,26.217340565563266,59.47250447387816,83,1,0
1490,20.938603271858184,38.28137027576022,14,1,0
1491,24.3312947907335,68.64671835401333,95,5,1
1492,20.681740681578788,59.71736609092514,32,5,0
1493,16.829898094211092,75.7370526619471,16,2,0
1494,30.086214834534445,71.45176303328763,23,3,0
1495,31.705319963875407,62.70755454253643,29,1,0
1496,30.487258650240364,54.17243727175698,61,2,0
1497,26.58735109501431,29.32274879672664,12,5,0
1498,24.494644504480746,38.29331125197686,61,5,0
1499,36.583341239295635,49.33696310419597,46,1,0
1500,27.97704462840545,61.95095009044721,15,5,0
1501,26.979546940743276,55.95954986507134,65,5,0
1502,15.641051645160893,40.172916817167064,80,4,0
1503,23.53119569065391,20.45250504527974,95,3,0
1504,24.504890469646426,54.736745533056975,42,5,0
1505,24.97056952242251,39.99381919935702,7,4,0
1506,29.504309230683305,71.42258104973746,2,2,0
1507,28.34006366817196,21.676238568933844,11,5,0
1508,30.197627319836116,60.93794679140536,83,2,1
1509,34.1220815385532,85.90319662542458,15,5,0
1510,35.324643467902334,32.20864869780497,77,1,0
1511,32.95307690566236,53.01546435254168,79,4,0
1512,38.88809239887337,26.39953942719967,58,4,0
1513,15.45581456690904,63.797733858294684,48,1,1
1514,19.894449642088652,58.53721764173579,62,3,0
1515,15.189071874453553,48.51558669489826,61,4,0
1516,31.186867853865074,56.49639150316189,48,2,0
1517,37.450763723749674,82.76022609283072,50,4,0
1518,21.087057414407482,33.74060116177469,32,3,0
1519,38.175863619907666,21.579515819374308,29,2,1
1520,16.50668475723902,80.31654192893707,58,2,0
1521,38.36090067013786,60.39819576715345,75,1,0
1522,23.790567180990863,82.34609188232898,14,5,0
1523,17.53552071123041,61.78616563892208,81,1,0
1524,27.146793979658142,76.71127629717918,91,5,0
1525,21.4194141930127,50.07713543486035,22,1,0
1526,22.12182254904807,72.49019519017881,77,5,0
1527,22.682249123157163,83.91290268228991,93,4,0
1528,35.075647445816585,60.048607460554436,96,2,0
1529,28.47903191688136,32.65496053936657,44,5,0
1530,22.782692478900092,38.815833052113874,61,4,0
1531,30.25834458277296,33.9051203828184,78,3,0
1532,32.90376685557984,37.2799919317013,70,1,1
1533,21.815600018338344,41.44908145457255,14,3,0
1534,25.33872753813379,58.85936507272319,45,4,0
1535,18.04715233342369,61.159414062468294,63,3,0
1536,19.52873373836701,49.85498230693028,45,3,0
1537,32.02794634912457,63.07945458745848,55,4,0
1538,19.535958692390672,25.710244792795613,43,2,1
1539,28.129084591676502,26.1451765940712,74,5,0
1540,32.72615654306082,32.028062225036095,28,1,0
1541,17.671923077368596,56.26542486282413,94,5,0
1542,29.182805490722586,34.97962750888195,61,1,1
1543,21.414069592534094,39.829908244480414,88,5,0
1544,39.0731718809395,48.02189853210959,51,3,0
1545,27.08864116799812,76.83062868072659,53,2,1
1546,35.14981374437895,20.97034951390021,87,3,0
1547,28.755663553906544,65.45651741656357,56,2,0
1548,16.085313321370478,66.82135717284797,82,4,0
1549,30.828784389850558,75.90590462496456,65,1,0
1550,38.78508355516642,85.29270573422193,21,1,0
1551,30.040295503658278,21.409649426450287,19,4,0
1552,35.47972148566976,30.764859385925135,32,5,0
1553,37.1051615837102,82.03199058391951,71,4,0
1554,20.701994298723314,52.09629935309108,24,4,0
1555,20.301120997705667,59.521344725342445,45,2,0
1556,30.274524721274794,66.41190426062032,72,4,0
1557,25.27571174516762,67.53466231469461,97,1,1
1558,35.99653257166801,85.22182823215557,56,3,1
1559,37.50057808495028,89.78645921881687,86,2,1
1560,23.83553448256795,70.41102226516583,4,2,0
1561,20.92176397436205,40.10548464436056,54,5,0
1562,34.51313788109655,81.58266816060404,60,3,1
1563,21.870150888703403,23.44546401785331,88,2,1
1564,35.56535796284196,36.175659701214734,7,4,0
1565,25.59345634121907,82.81700022246004,15,2,0
1566,31.68874748228676,37.93340601075485,47,2,0
1567,17.388382845866705,35.445574173522395,60,2,0
1568,30.596483116914325,29.668770519817308,14,5,0
1569,26.294191968430727,80.13782303528416,64,2,0
1570,29.665211579386852,55.00407814337607,21,2,0
1571,19.200355193621586,67.24252421379083,2,5,0
1572,33.42184362360455,36.734646885252076,53,3,0
1573,36.569926938580714,73.06282947078515,13,1,0
1574,20.418495002269392,73.2003881473469,35,5,1
1575,17.392863888004044,41.88186174358101,81,5,0
1576,15.59096465115841,48.7477843107198,81,2,0
1577,31.04928751108165,34.67831942011406,66,2,0
1578,30.17735090221952,88.3592716326033,9,1,0
1579,28.66743531785175,65.19218039408881,48,2,0
1580,20.798677402899386,85.41807165008609,64,4,0
1581,24.77264989763787,41.23698805403932,90,2,0
1582,29.861908379654324,74.73236390978228,56,2,0
1583,27.419171471479235,73.61010507193194,26,4,0
1584,39.694638005372184,68.4158956306579,74,1,0
1585,18.410993813918328,87.59472826867604,4,4,0
1586,32.37861385118984,47.54887352744208,70,5,1
1587,25.107969202607304,29.150212651283013,82,4,0
1588,25.70499037314037,67.01962014708425,56,3,0
1589,32.939944141454404,71.05168603340442,92,5,0
1590,32.31090378310924,60.25424014211703,14,2,0
1591,39.781399842554706,34.47725251933774,98,5,0
1592,18.20985723635313,55.31191591685488,100,1,0
1593,17.60274123460416,41.85328155983906,75,1,0
1594,33.108470428218524,49.92265697166823,29,4,0
1595,29.459672925160227,65.16530030912648,19,5,1
1596,21.854016663995147,72.16503198835841,36,2,1
1597,16.985484224724665,36.25572836309402,2,1,0
1598,17.141456239910763,48.37277524528673,72,2,0
1599,37.35477186660296,38.84130996941404,40,3,0
1600,19.796683117968573,33.90421297033084,38,1,0
1601,23.084289052888018,74.83710539970869,25,4,0
1602,20.6664100556747,83.64768861058947,1,3,0
1603,23.87490764579843,45.91625299792037,22,5,0
1604,16.735596068652335,72.58952470616367,22,2,0
1605,27.976494772706758,82.78967025550878,84,1,0
1606,16.690314089805373,79.2286947371162,15,3,0
1607,35.00891269555904,32.79693719774581,8,3,0
1608,20.842802047760827,86.9404317059353,12,1,0
1609,28.500297865112763,46.36735083006237,27,5,0
1610,37.00197718903645,43.74684628216855,26,5,0
1611,31.271934226179855,24.370192909444626,50,4,0
1612,28.323944663783383,54.03215578734181,63,5,0
1613,23.10834382788439,27.63095309486501,51,4,0
1614,23.32504782645495,37.397787464919816,80,3,1
1615,31.737173879954753,42.185983523709695,37,1,1
1616,39.85348403052919,76.61784264441789,99,5,0
1617,31.545979746234465,81.28420552771276,64,4,0
1618,28.944585434250623,41.172642222302876,17,3,0
1619,33.26626275598115,80.10886848712018,62,5,0
1620,26.630140307092955,80.00616561588538,50,2,1
1621,16.50355856501963,73.52556652694115,8,3,0
1622,29.057420396947744,30.26865798106271,12,5,1
1623,38.9406321126345,68.32259928305103,39,3,0
1624,19.38257355894149,86.15168452063982,54,1,0
1625,32.25012227051664,67.777833513701,78,1,0
1626,20.02334221647641,43.213179437548376,42,1,0
1627,28.39569211182703,55.04055222015819,43,2,0
1628,17.41691124116799,65.20075303457375,67,1,0
1629,26.25927340645463,55.73992861099525,32,2,0
1630,33.90408322238115,28.396705921167886,23,1,0
1631,23.68928810597455,41.844483125641446,35,3,0
1632,31.62279311218045,76.16772213875427,9,5,0
1633,34.88624901974323,80.29926322668622,99,5,0
1634,38.17944548698632,29.611002290089914,19,1,0
1635,20.866052046386336,86.66707266791072,74,5,0
1636,24.982897895232703,43.017583249402655,11,1,0
1637,18.810400333260436,66.3619617111504,61,1,1
1638,39.81208755395938,72.62776021696769,17,4,0
1639,38.17502419810738,76.83623642465184,93,4,0
1640,28.49892825701399,86.20247915581511,100,4,0
1641,36.050832359410535,41.90436836201758,62,2,0
1642,28.023949431801057,80.09545181860881,83,4,0
1643,30.589642200068994,29.21808324053449,24,1,0
1644,17.228110802900417,69.35286344475149,11,3,0
1645,33.8817605124202,71.93844106597902,20,4,0
1646,18.19283709088087,67.44062688409244,24,4,0
1647,35.65169075631321,37.662031529460705,10,3,0
1648,34.55070219175965,81.11302029106423,63,1,1
1649,32.71861744357441,31.82009243592765,72,2,1
1650,15.904009513119053,23.754435406458157,49,4,0
1651,22.578208898633214,70.22254934283384,61,3,0
1652,21.577814247771073,53.28330006629136,88,1,0
1653,24.003410186787978,79.43686139710732,98,5,0
1654,17.191068669095962,46.83779987407813,95,2,0
1655,38.42394557577657,31.779501195539897,48,3,0
1656,28.845056017809405,78.55095347289088,13,3,0
1657,22.638107766450588,58.42367421480502,0,3,0
1658,24.924537926857084,33.243705467324844,80,4,0
1659,26.18006351262089,70.4268799010512,24,5,0
1660,30.014858334015432,55.777954694265034,58,2,0
1661,27.891985692412444,62.301908756822385,71,1,0
1662,37.98479933036043,52.26288367446073,68,1,0
1663,27.424087072645754,78.00962886726045,4,5,0
1664,39.80395037058282,78.06939009781348,98,3,0
1665,36.28562394362739,69.65721752770703,18,3,0
1666,20.212762858933395,27.37809641775236,22,3,0
1667,38.264880366097906,78.71977033328483,8,3,0
1668,17.909159947136903,66.9709086373037,93,3,0
1669,35.43624271227979,68.79169162030097,49,5,0
1670,24.515582336914502,45.40879882827102,15,4,0
1671,36.94935801112673,81.54956893099046,32,2,0
1672,36.701417252686255,70.77601201644002,1,3,0
1673,35.14813500294053,27.881332657043615,13,4,1
1674,34.750760907676536,48.544462408431386,0,1,0
1675,22.61697847745102,82.04662533720992,89,5,0
1676,17.022982076281306,23.30376911881653,57,4,0
1677,25.07450446912904,87.29916337494346,88,3,0
1678,19.338112874662716,67.5413797823694,15,3,0
1679,32.37377722256154,64.19631843503636,78,3,0
1680,23.65249316344464,38.939147954159395,89,4,0
1681,39.39025502149787,37.415425211742395,46,3,1
1682,31.0243019336333,85.94407536420168,43,4,0
1683,35.56201409085902,40.87907179638859,79,3,0
1684,18.31311681854621,74.28537077032996,13,1,0
1685,36.550362056815565,47.51852587449554,92,1,0
1686,38.068929762834856,29.74778495492928,23,2,0
1687,27.176547970473397,20.750070838675125,54,3,0
1688,30.156323443774436,58.098013591067556,14,3,0
1689,34.120245022574885,88.30451729842528,82,4,0
1690,19.370965681510313,45.83953356664431,71,4,0
1691,27.56415191158606,45.003463379513136,33,3,0
1692,24.966575694307828,44.086413249460946,1,2,0
1693,18.659349804056227,56.43806861134009,26,3,0
1694,24.188360557288284,50.84654183970055,73,4,0
1695,16.70430773463734,81.59402387089102,98,3,1
1696,15.645297673737174,55.38645542064432,86,4,0
1697,18.379157228870568,55.54304867319981,71,3,0
1698,39.07787778972934,29.686011630438962,91,5,0
1699,28.738238397375426,88.79176786372702,22,4,0
1700,39.1455540288305,37.49810236081808,67,2,0
1701,25.8124469582533,25.135484722172187,13,5,0
1702,22.79540332713149,66.42023742826461,62,3,0
1703,27.653546571006103,61.67564591098109,92,4,0
1704,25.98779221582275,49.060195779492204,64,5,0
1705,17.6416171065436,49.553456371647464,67,2,1
1706,31.020657867255157,74.95447447325019,62,4,1
1707,20.40095456273999,33.69988480697543,95,5,0
1708,30.48969887244574,77.41773232614227,96,5,0
1709,31.255027309953835,65.41229797265127,89,5,0
1710,18.800621328216202,49.32788416456671,80,1,1
1711,16.533740677766705,52.0620031608708,86,3,0
1712,34.519039651711,37.9653045030267,63,4,0
1713,26.495010594233005,72.64800328878823,31,4,0
1714,16.454094887636895,55.901231961368744,78,4,0
1715,39.87165792924418,42.45981799248905,12,5,0
1716,16.444514024909164,61.72350810326652,65,3,1
1717,32.37588072146383,89.7014116435926,18,2,0
1718,39.59197313158534,50.46835957595877,23,4,0
1719,20.97950260539814,84.44839805450337,87,3,0
1720,18.556234217179906,44.15117879471963,10,3,1
1721,18.034623485560722,23.83128948474901,58,1,0
1722,22.58187868918989,34.296947445790025,85,4,0
1723,17.526145275266167,49.308660032937894,14,5,1
1724,32.304033542353295,35.37444500161983,9,3,0
1725,16.557294953251567,20.015892675277886,40,3,0
1726,27.735553203744743,84.0501076423269,26,2,0
1727,39.91742134632442,79.07155878616504,59,1,1
1728,35.34925673765047,71.9604562040863,72,3,1
1729,30.38048595577527,31.747021695222003,51,3,0
1730,22.656340519665292,28.425450334699022,27,5,0
1731,30.59739590729096,24.73233246306682,64,5,0
1732,28.17603659779129,70.68204321410448,16,2,0
1733,25.65208459725929,85.01655724815197,94,2,0
1734,18.267759418504987,50.13750746391259,43,2,0
1735,37.16510538101167,28.339847039723374,9,5,0
1736,26.24461622053306,55.86749745124746,62,5,0
1737,19.865562795519125,44.41823352210411,100,1,0
1738,24.19398377193224,46.23774470449984,92,4,0
1739,25.353243813223173,63.49314369089951,81,4,0
1740,35.688447389171856,70.31026792835416,46,1,1
1741,33.34035951403505,27.74225192112126,37,4,0
1742,34.23262234103349,22.491316156453347,69,5,1
1743,15.27578161071618,89.60312118800005,75,4,0
1744,25.40384995449404,36.29098442408863,52,5,0
1745,27.03360379088309,23.768136743592137,77,1,0
1746,15.479806920576417,33.2912730367144,43,2,0
1747,21.495330218625856,22.727049244392497,73,1,0
1748,34.00724557805337,47.426762623202016,53,4,0
1749,18.427742643224978,76.1681249115927,19,5,0
1750,28.38275328631479,43.88711148304044,78,4,0
1751,20.38004680043094,51.09283848148566,30,4,0
1752,15.303019366097331,67.29107414972071,6,2,0
1753,21.030036439988535,55.62258490489161,57,4,0
1754,39.39684387275135,80.3011980214927,9,2,0
1755,35.03842779707474,80.62249725320297,9,5,0
1756,38.989416108025836,20.693748684380754,38,5,1
1757,27.196351098159063,74.46324145382394,27,2,0
1758,17.74340496693759,52.251352016917174,29,1,0
1759,28.698987224342325,89.21883789125641,36,5,0
1760,26.359433363999024,53.82624531128046,66,1,0
1761,36.1089270684904,89.08271617718083,42,5,0
1762,17.452064519606115,72.81985528440157,78,5,1
1763,27.206028425544453,37.40234192293144,84,3,0
1764,18.751216617349606,57.68764855008704,51,4,0
1765,23.1168981722515,89.4494947635008,100,4,0
1766,33.433926934694995,80.02714254263466,55,1,0
1767,26.900453234219164,26.815682565385476,75,4,0
1768,24.397207128644233,69.44603977669973,67,1,0
1769,24.861906964250885,44.190571010956916,8,5,0
1770,26.486169210149665,20.488758331624368,91,3,0
1771,34.62541359592642,48.24366783188997,22,3,0
1772,37.30211722350586,36.432809520747995,62,5,0
1773,38.883367162598205,77.32084893643301,60,2,0
1774,34.67258465638238,43.613142619203586,39,2,0
1775,22.88517239370032,77.9266585767672,43,4,0
1776,32.20336765216355,20.04185571843567,85,1,0
1777,25.9400781013848,41.547340501828344,23,3,0
1778,21.36676555115128,36.881565001543336,50,4,0
1779,36.021789485648064,36.34971527480277,57,5,1
1780,15.960658724058124,24.77306338358239,89,3,0
1781,37.54404980338559,33.09869892873512,93,1,0
1782,26.53693661561835,58.88846989199339,32,1,0
1783,30.93003692020701,40.39527509864212,15,2,0
1784,31.483848055144566,49.21763476304036,21,4,1
1785,37.37794351766341,46.38068162430319,56,5,0
1786,30.916742054180183,81.31334474999262,61,3,0
1787,30.348339619001543,83.37092993073608,81,1,0
1788,16.66630101401725,54.5069880159102,70,3,0
1789,27.9602005486301,43.11091652209231,89,5,0
1790,18.75422502042604,27.476049280165455,71,3,0
1791,33.43584421803714,86.73820155674665,69,4,0
1792,27.805548020316863,24.21588614302082,29,2,0
1793,32.00569448020883,40.83551942977963,22,3,0
1794,16.041822515059607,40.86463408190029,31,2,0
1795,17.11980040114508,42.42809002981504,85,5,0
1796,32.908084701567056,31.50007902906865,56,2,0
1797,16.802108399966833,74.8213001646588,8,3,0
1798,16.781418194131465,28.574850337619246,30,3,0
1799,15.302711880872186,64.4434661407214,70,1,0
1800,38.912534957487004,28.669221869407224,8,3,0
1801,33.43770898647517,24.937494631506958,12,2,0
1802,23.831285212551606,83.66006525801136,57,1,0
1803,22.41338953219138,33.309013642309395,2,3,0
1804,23.742580743646236,77.4875108191793,34,3,1
1805,34.36633827952954,58.12416097749951,96,5,0
1806,31.534265276760358,25.449956372613872,20,1,0
1807,19.629889196686698,86.88137340066473,63,5,1
1808,19.35273338335211,37.287281689432476,94,5,0
1809,17.45989124283493,80.17517417468245,51,5,0
1810,31.507567992533453,31.816700404919494,33,4,0
1811,34.1093165555434,79.7760017499297,95,5,0
1812,21.6261607081251,20.92601690337058,34,2,0
1813,15.52362402577282,55.824631959863645,14,3,0
1814,17.054291686910684,73.86098055950897,95,4,0
1815,39.196500871125764,85.43568622449483,5,5,0
1816,22.386119436935505,83.6441495344541,84,3,0
1817,34.23057869595334,77.37374086833515,96,1,0
1818,30.616589221356595,82.17339447629129,31,1,1
1819,24.548490991322396,33.945378008595355,51,3,1
1820,20.14218155488888,39.89290069982101,82,2,0
1821,18.03466045398516,40.22779674447409,96,3,1
1822,30.375324200971665,46.393775170118914,27,3,0
1823,34.3658445159447,47.53244692696321,94,4,1
1824,31.097606338528266,58.11887272582729,84,1,0
1825,28.25755333122896,31.191583435650898,97,1,0
1826,16.048780585790908,68.38726646501925,63,5,0
1827,39.212219439859595,31.729657751315454,78,3,0
1828,34.96785479136436,41.72159374731832,77,3,0
1829,22.32055091752412,55.234159142430784,18,2,1
1830,39.49925823397126,75.75083930664341,14,1,0
1831,30.047039740908055,71.7628463267109,5,2,0
1832,29.56056645518116,65.18740494873656,72,4,0
1833,33.7018294857383,30.90412824061191,100,5,0
1834,35.29424470225344,58.29317419309044,83,2,0
1835,31.411965183287567,26.12125512599198,97,1,0
1836,18.202393659155,46.41542237576556,37,4,0
1837,23.45668764986246,48.946157120297144,25,3,0
1838,38.20209100815124,22.78680076120277,81,4,0
1839,20.615390296096297,39.17916696289802,91,2,0
1840,24.304175595937835,86.89546270865425,50,1,0
1841,25.8019220736049,86.75428254807827,72,2,0
1842,25.985124742361304,44.662893797677754,95,3,0
1843,30.323489562363136,23.017007626382686,52,3,1
1844,38.576895943617686,32.53664575297271,55,1,0
1845,21.017317795812623,47.45524554034781,58,5,0
1846,18.03753440752295,86.34457885784609,69,4,0
1847,19.936762246498432,29.883934447602947,77,4,0
1848,37.17312250523174,73.44610905677486,91,3,0
1849,31.14527031638015,27.607777756228444,57,2,0
1850,22.147669730979004,88.68803041738938,87,2,0
1851,35.39867347421543,46.713154937639445,12,5,0
1852,36.5342499090859,74.26641772293392,42,2,0
1853,36.16285846725695,43.981375796779226,75,4,0
1854,37.97316334098886,63.93682140111661,50,2,0
1855,21.306025504334038,33.441125931802574,18,5,0
1856,33.87604821865696,30.221471350787375,20,4,1
1857,26.5134874318535,85.66448976976919,90,2,0
1858,36.04996382225154,84.23530945331034,82,4,0
1859,33.212266929040325,82.12282581490177,23,3,0
1860,34.41118616249312,63.78034151166154,25,3,0
1861,31.404045942026787,76.57877478513947,44,3,1
1862,19.43571923674267,24.832585583796245,27,2,0
1863,28.62567297242346,43.43523293234754,81,5,0
1864,39.616743488112704,41.95921873300094,99,4,0
1865,38.43470166242797,64.49517253668293,28,1,0
1866,16.079343394925292,44.91704414294483,16,3,0
1867,19.12037039323593,30.395474715057656,67,3,0
1868,18.293219336364047,61.75269527894806,43,1,0
1869,33.14949774963239,77.0068744468357,60,1,0
1870,35.44463324642363,46.74864461219812,92,2,0
1871,20.337784157766798,29.25881005689372,67,4,1
1872,27.646317323795724,33.76817381189761,73,3,0
1873,36.01757570028,36.62383136185688,24,5,0
1874,33.320038619156264,40.99283150961753,94,2,0
1875,28.555930137296208,64.99565493544165,66,2,0
1876,29.75869226146932,62.06618391764033,1,5,0
1877,27.709013672907,68.72559030969273,88,5,0
1878,22.438711282970516,45.37513891720592,48,5,0
1879,29.125549821475403,77.67983563159848,69,1,0
1880,32.222132551252265,34.28613628090322,25,3,0
1881,36.83307289652019,52.832852326270775,71,1,0
1882,30.907283849481203,76.06571050790012,98,3,0
1883,34.02803842607895,32.61110534128335,26,1,0
1884,19.001790873864323,27.690417961854806,88,4,0
1885,26.538936860494747,81.85787773815929,17,3,0
1886,15.233290495677332,44.00507639314371,53,2,0
1887,21.166971613040577,67.87090874363224,0,3,0
1888,33.16154287782512,21.774402298475692,60,3,0
1889,39.79524878373408,68.30328218866147,2,3,0
1890,17.479452489680398,42.127091808287936,67,4,0
1891,25.037357896532207,23.901859751120924,40,1,0
1892,35.00177421747899,62.68689330836819,36,2,0
1893,20.10089086572247,36.85626712512213,50,1,0
1894,28.877123732557155,47.0765069436316,14,1,0
1895,33.32678240074187,25.64065686005595,7,5,1
1896,30.399636256504476,30.301427576646173,37,4,0
1897,19.700618365385402,40.858406484709064,82,5,0
1898,23.884614217143486,26.283165039211,55,4,0
1899,34.59479461213493,83.75783852804207,46,1,1
1900,28.855662853300416,20.42329302287849,89,1,0
1901,15.130740338572819,53.8702153205018,9,4,0
1902,34.02476900070235,28.627322069278602,77,1,0
1903,15.882783873505977,41.537536263456396,48,1,1
1904,33.6433445682808,84.82416918727859,40,2,1
1905,20.062014004130937,31.31861872917908,82,5,1
1906,38.951837002984504,87.60826238028328,29,5,0
1907,24.198518782552114,34.40560638925952,4,5,0
1908,23.173290408451976,71.90962759267808,94,3,1
1909,18.722201258311117,58.26740854281182,70,2,1
1910,22.64010538725537,81.91351093177315,82,5,0
1911,36.916269045705015,58.77952788521917,30,5,0
1912,39.908358440681184,57.419145340941604,51,2,0
1913,24.207738262671207,33.68206002578799,87,1,1
1914,26.215265773863564,31.63605534361611,97,5,1
1915,33.05177345506843,84.15424057808599,22,1,1
1916,37.154894511626864,42.94867391950238,47,5,1
1917,29.826108354669604,46.04575784740271,39,4,1
1918,24.788142454445733,73.18765608998719,5,3,0
1919,25.315546021215596,43.71764376959651,37,5,0
1920,32.39045366242017,86.6443712647302,40,4,0
1921,15.080456590106968,71.65494382991602,99,2,0
1922,30.489733436496017,61.8200469801394,26,4,0
1923,23.887325261033936,81.66266123813267,74,2,1
1924,34.8549332819271,23.472413584463794,68,5,0
1925,17.324765995578304,37.99438845324461,56,2,0
1926,29.705056673709763,52.552543395463694,16,4,0
1927,27.024322247153094,35.88849776300647,70,3,0
1928,31.058138147630686,72.07336311115063,90,1,0
1929,16.62133986207421,84.34456217376076,46,1,0
1930,29.499594685703283,49.66390839516464,78,3,0
1931,29.03711469898809,43.94928200783265,12,1,0
1932,29.016502360404274,87.30855124962964,10,5,0
1933,30.08719166491137,51.13967029792786,89,5,0
1934,31.911698430659055,54.23338803144983,85,4,0
1935,35.12472499201924,44.615491063933376,91,4,0
1936,21.74551800320536,83.66839311084968,23,2,0
1937,35.62623525450155,59.82688382972955,92,4,0
1938,27.45639205658634,73.35222110271513,72,5,1
1939,16.926456978358278,76.82647028456205,3,4,0
1940,16.46377323109948,43.92943293420807,45,1,0
1941,23.355957967401523,50.3586031924266,17,2,0
1942,34.62242442778669,79.39302420843853,42,2,0
1943,32.6920233685229,45.42787461730671,79,5,0
1944,34.71537411681016,75.5754593416296,32,4,0
1945,27.931726411040234,85.8694625802106,92,1,0
1946,26.004974948887266,63.62472611476049,9,4,0
1947,18.686313167657097,71.91391012163223,72,3,0
1948,23.20481884023279,76.35681184287944,58,4,0
1949,25.85048415434688,79.15277542276498,30,5,0
1950,17.21501074199043,47.65373364997572,27,4,1
1951,20.51529881778028,23.58844214231987,59,2,0
1952,29.955632351593472,48.13133898657176,2,1,0
1953,33.39157785597975,67.16293608488628,54,5,0
1954,39.95868778482374,51.524527004655496,13,3,1
1955,38.327833283588944,72.4274205602279,57,1,0
1956,31.06412998837979,44.988770062806466,88,1,0
1957,25.5312013323518,64.43208987728207,14,2,0
1958,30.90443411770582,33.04938633977822,1,2,0
1959,34.6412904520058,72.45586056514699,23,2,0
1960,17.958404773084684,58.19871781691181,77,5,0
1961,25.247622242407207,34.28450719826204,63,4,0
1962,35.99505714089043,40.433782144846504,70,1,0
1963,24.5958237983261,72.40260960072827,99,4,0
1964,29.296806780679663,53.78208649630645,23,4,0
1965,29.694234021554955,35.12220082751506,26,2,0
1966,19.611906328340986,87.70898332592084,36,4,0
1967,24.05588604130721,70.05875138718216,93,1,1
1968,23.362782218548304,86.99943827778573,90,1,0
1969,15.65491771330162,49.897353175224026,38,3,1
1970,15.60479409728388,53.25702384842043,62,5,0
1971,35.79242609189434,82.85686513295134,78,4,0
1972,21.82677024932031,56.753453817176926,25,5,0
1973,27.951969155970385,69.5095238333967,64,5,0
1974,22.468139339719325,37.652101424687096,3,5,0
1975,38.51698112788351,51.27085280918484,28,5,0
1976,21.482418971644343,28.641490606724858,0,1,0
1977,25.741420318473377,34.41860251138732,49,4,0
1978,36.81825626211504,20.066039068734177,85,3,0
1979,36.04833916979521,22.748553615406216,10,5,0
1980,19.652535446156932,88.40986762238505,73,3,0
1981,35.06608274489276,36.96475865957336,58,1,0
1982,26.454672168447317,66.43174966528014,61,1,1
1983,27.07422180213388,78.7369789159728,80,2,0
1984,18.336999310398596,58.5462321465595,35,5,0
1985,17.015037843928116,30.720115005876934,55,2,1
1986,33.198482674344135,70.96815061353165,89,3,0
1987,27.411528808882494,62.017598706970816,20,4,0
1988,25.921267565379488,71.18754125431626,12,2,1
1989,33.23770571630992,73.8822635999961,8,1,0
1990,34.13782247477774,88.27872573793216,10,5,0
1991,18.97270419173384,60.1494296018697,74,3,0
1992,30.255628736941034,43.914877888342126,69,1,0
1993,18.38385205694214,65.3925189830166,0,4,1
1994,33.784377150726144,24.79084964698383,69,5,0
1995,31.42387890667849,82.81781228251104,76,4,0
1996,38.91536552708645,28.356670793673775,85,4,0
1997,16.72395040891053,42.948998652007276,55,5,0
1998,16.426368028781358,77.10217664382847,30,5,0
1999,22.054676867330002,61.81186648314983,85,4,1
2000,21.54264209339765,47.55448641942095,36,3,0
2001,21.174469976799998,53.1404961562515,46,5,0
2002,37.65636451302592,79.81831752415262,90,1,1
2003,21.238654996237653,43.80030702419245,77,2,0
2004,21.798743153215774,80.875477936852,46,3,1
2005,33.98495656044909,26.169410168368405,68,5,0
2006,26.2434960612635,74.37589060460415,57,5,0
2007,34.417763923879534,79.32833431383155,35,3,0
2008,16.63415393910963,32.72723569861371,31,2,1
2009,27.189279841834608,50.12425726605403,97,4,0
2010,15.840340004582066,31.584984226455894,63,1,0
2011,16.566330086383864,69.46228902959524,70,5,0
2012,37.66093633361027,57.474343764315975,41,2,0
2013,18.48113427793988,64.47263426958247,47,1,0
2014,28.31051705688043,33.75408768693478,73,3,1
2015,25.277390065017663,34.82221034366937,80,5,1
2016,23.683583156471066,22.904812785693444,29,4,0
2017,37.49583364218181,42.54472746370108,20,3,0
2018,15.545584919387238,59.18212629335725,59,5,0
2019,31.594742154389728,80.05544397981302,12,2,0
2020,39.08486085533876,66.68492132210764,0,1,0
2021,29.00420458654605,50.4777426379826,64,1,1
2022,38.420561550827294,86.71840800758964,32,5,1
2023,16.306446982150593,70.34716404030823,37,3,0
2024,25.469832976854036,85.1115642003785,24,4,0
2025,21.503944774051277,56.931158129051596,25,2,0
2026,33.270524124518246,38.123299235519774,76,5,0
2027,39.53242726243117,23.69786804553054,58,2,0
2028,21.413251561106193,70.82593960386953,91,1,1
2029,31.354365036851863,28.49120986038739,32,4,1
2030,19.9524408189935,41.1942589790377,100,2,1
2031,29.133256364290247,57.27296355187282,40,5,1
2032,26.598312167208405,59.509161144582336,29,4,0
2033,39.300133240788426,62.04082378909952,56,3,0
2034,30.213181817411666,31.637873124479043,48,5,0
2035,23.73765930217047,46.58161833751541,47,2,0
2036,17.852394622198332,63.20359589818767,71,4,0
2037,18.781170718373364,87.88732052436494,48,5,0
2038,20.632923248780877,70.93417963897821,46,4,0
2039,21.27416653350745,84.58226299657704,55,4,0
2040,36.26540144602845,73.35484408199238,64,4,0
2041,29.030569707063123,61.42018782246803,11,2,0
2042,28.08477278435916,33.44163583954412,68,5,0
2043,17.869221796730436,66.66799563247591,87,1,0
2044,36.50349233373588,63.636569617193494,5,1,0
2045,33.07035758021209,62.17284193200865,88,2,0
2046,16.69170904750004,54.285010759176856,64,2,0
2047,32.69587743074422,57.005962279249296,24,4,0
2048,28.588455433566153,43.410976898267286,0,5,0
2049,17.043133643669456,56.35188848496122,31,5,1
2050,26.45751603821641,33.82891339749348,2,3,0
2051,27.117407178251174,76.36220781522638,48,3,0
2052,19.144363504081895,33.004386828909546,18,1,1
2053,38.64245367500706,25.947640292262648,59,3,1
2054,36.24938428701655,50.537221845001014,28,3,0
2055,31.725558433227707,66.08152076542433,49,1,0
2056,26.55738902501518,50.6401777453479,1,1,0
2057,25.29413853961271,39.3727892365916,72,3,0
2058,31.274336678773853,59.07198287233085,55,5,0
2059,28.635796735172637,44.290163478854,16,3,1
2060,16.55682764704714,85.30073830886431,59,4,1
2061,27.812566219258294,84.58515977225005,35,4,0
2062,35.160090430820986,55.16602739804668,60,4,0
2063,26.48099693992395,42.95187958127809,16,2,1
2064,16.29891443885671,71.59926897696474,48,4,0
2065,34.65695498460083,22.569906043814665,75,5,0
2066,20.03409455339936,53.233830423055586,59,2,0
2067,21.46552087220097,43.54263759892335,19,2,0
2068,19.117658835807397,84.43751195717883,49,4,0
2069,23.25537662178744,20.840211909087778,2,3,0
2070,33.918787642215875,58.69704130028444,42,1,0
2071,27.984646487598432,71.84645067466383,56,3,0
2072,20.122031853767815,53.951259126682885,49,3,0
2073,36.94575195380102,25.978212111390516,67,2,0
2074,36.98954637378823,88.07229730195316,80,2,0
2075,36.76446062615017,56.260730196326854,49,2,0
2076,20.969905284538484,62.993037102330796,36,5,0
2077,26.280983604524703,36.56268478952551,45,5,0
2078,39.62474140352188,53.844865957476266,41,1,0
2079,34.30031190774976,50.040464437082534,14,2,1
2080,15.679185530638996,25.24270894013886,32,4,0
2081,16.6301147815123,27.431224748322705,79,2,1
2082,26.598284420308318,78.62307637331422,10,5,0
2083,37.730505146539,36.78739665446132,19,2,0
2084,28.467544948817856,33.647079004904136,23,5,1
2085,27.445312700857258,55.343801587509745,63,2,1
2086,17.636842498915765,73.81229919537591,79,4,1
2087,31.41950261810735,24.336256300529154,93,1,0
2088,35.552579015005634,60.37655437467791,97,4,0
2089,24.510500187689058,28.344730998840134,64,5,0
2090,34.39029627313319,22.552273557793292,87,3,0
2091,39.11191634752029,23.692076651355215,87,4,0
2092,20.094161478192227,78.39148757459088,72,2,0
2093,28.083240779868532,28.25807385396431,85,1,0
2094,22.178448952114387,23.160595508860435,75,2,0
2095,34.821360475845985,50.65299210000386,16,2,0
2096,29.43983414702894,79.07954303594173,88,4,0
2097,30.864560438757593,38.368586354251136,91,1,1
2098,34.94785399039735,49.519883226814144,60,3,0
2099,24.89926181656137,22.794577279462587,14,2,0
2100,37.87725171017608,51.43549598944131,93,1,1
2101,28.3257216811535,60.432915644599355,50,3,0
2102,18.9488705708837,59.96349376265014,26,2,0
2103,32.397477954220065,43.26986845220556,85,1,0
2104,34.83153376095636,42.08732264641949,73,4,0
2105,22.919041926688166,27.46365332556185,60,2,0
2106,36.42948142496883,45.675882445238784,57,2,0
2107,37.65358136914416,26.964626821107526,30,1,0
2108,21.922612184445224,73.66171612984361,90,2,0
2109,39.58803681788055,87.63920084237301,11,3,0
2110,18.51778820121896,87.90521196666948,45,2,0
2111,20.05039171006225,80.55497695627757,30,5,0
2112,19.605620980950654,62.05545045377334,31,3,0
2113,37.34974275019676,69.06059880707159,31,1,0
2114,31.357313808124047,39.96440618762898,98,3,0
2115,18.80260708055682,64.15392941208344,52,5,0
2116,26.008085459208722,51.89546846079142,60,5,0
2117,30.38245062674505,53.74121378438527,45,2,0
2118,17.086602124734583,73.04435922626107,84,2,0
2119,37.060409210183465,39.73428489180762,73,4,0
2120,35.090088386038374,42.26277281861639,79,3,0
2121,27.630169339415957,84.72492537900456,6,4,0
2122,39.17816538147926,23.935700639568058,3,5,0
2123,25.44402448187749,53.994400888933825,90,2,0
2124,39.602757975912446,83.89605602855032,51,2,0
2125,31.697999970090677,62.72541054727099,88,2,0
2126,30.866781831348536,58.24849519484925,30,1,1
2127,19.148872382394625,37.482092546054865,74,5,0
2128,37.0481939576161,44.02928423451138,83,2,0
2129,25.68724219801538,79.6433891063285,35,5,0
2130,19.055835144561982,59.14526922379207,53,2,0
2131,15.315187999393975,56.03195356297459,53,3,1
2132,28.993892090959562,26.970579947802023,16,5,0
2133,28.18499055306691,21.121970951858618,74,4,0
2134,32.983840559228966,87.45796320809343,29,1,0
2135,37.256451325445056,46.38903171007891,98,4,0
2136,16.98516461607574,62.2249143469653,21,5,0
2137,33.28741225850906,25.58005512310995,42,2,0
2138,19.685298602439556,67.81800000061327,26,5,1
2139,36.4544263289291,85.27966960941727,36,1,0
2140,35.476587846541406,60.29656770981938,45,5,0
2141,28.51984387463861,28.828072566278742,34,2,0
2142,32.75606996558279,60.72050692314337,3,4,0
2143,22.858752829593712,73.64430491732566,79,3,0
2144,26.779197473320366,48.449157560181305,79,4,0
2145,35.54092244276179,81.58864235590275,84,2,0
2146,26.481629929330346,65.40780673501551,25,2,0
2147,23.944956633136044,82.94742428024418,99,1,1
2148,27.3553111812575,63.64537178731361,18,5,0
2149,35.70623131093046,29.190158040337696,80,5,0
2150,23.38020118427182,41.67841977736324,44,4,0
2151,19.344039828393594,34.125646377671984,25,3,0
2152,32.80035050826952,83.61785484018037,21,3,0
2153,35.64945531770205,73.22800471012378,57,1,0
2154,17.515936963088333,67.34788582370042,62,2,0
2155,20.996852818898617,41.06764237421352,27,1,0
2156,18.549299744024847,32.88313404351494,64,5,0
2157,23.698535289554165,72.95157615922383,43,2,0
2158,26.258774472635316,53.191056211535575,99,1,0
2159,33.72065842408266,35.805268650544036,42,4,0
2160,31.278689622041853,63.163538471569254,36,5,0
2161,30.52321418696078,22.82336964969164,65,3,0
2162,23.80937366524136,42.83191778897775,16,1,0
2163,36.036188827119,52.79898962137943,39,5,0
2164,26.782179184954114,30.35708338765841,37,5,0
2165,39.477623450378864,88.92581343135878,84,3,0
2166,30.85355345739342,34.636815521273,60,3,0
2167,18.156618539112568,29.12471910302859,8,3,0
2168,31.90443905188585,34.247441172082745,76,1,1
2169,23.127600385792476,73.8342793211807,74,3,1
2170,32.15817991715244,49.785396149029,60,4,1
2171,16.74102870406014,59.57911578267766,79,5,0
2172,19.372035929398983,21.47064098904525,15,3,0
2173,36.39343147264466,22.41019160013202,1,5,0
2174,20.679488925587872,51.207788487891136,71,2,0
2175,35.9260281310735,77.16586702411365,42,2,0
2176,21.98190221136026,81.96672150952956,41,3,0
2177,31.072047751467693,26.069459731694813,76,5,0
2178,32.35376433774577,57.6854171470716,56,2,0
2179,27.816368828626324,83.92607803954894,80,3,0
2180,22.63276691741828,47.15809280785204,87,5,0
2181,20.316109409277402,78.0696081999858,66,3,0
2182,15.829733864060655,29.358695807960537,29,5,1
2183,22.598660031018095,85.47761427674591,12,2,0
2184,31.329069763282074,72.5996322271912,18,3,0
2185,38.457620461212066,85.89340749508311,6,2,0
2186,36.7801120565763,67.36320634867545,8,3,0
2187,34.15161941338256,45.43827523995989,82,1,0
2188,34.71118358133246,85.67268207673057,53,2,0
2189,31.624622586899882,39.289674341642495,85,2,0
2190,21.507171439150074,43.25207654432128,81,4,0
2191,37.67987576764575,69.05658926012183,60,2,0
2192,31.76830779764585,73.57214096677704,86,5,0
2193,29.011015774510998,85.05824386944077,1,3,0
2194,17.774736730337025,34.33616863393466,49,1,0
2195,26.176388595160635,75.85986246534569,74,5,0
2196,26.50895678004816,71.69822373778744,30,5,0
2197,36.61409023806675,24.46561893775185,32,5,0
2198,28.666205504694712,47.105619884714486,77,5,0
2199,24.51001372426024,39.7935819942069,79,1,0
2200,39.42000821276648,41.314329704782125,10,4,0
2201,17.768014833157892,88.80628156882906,32,2,0
2202,25.563710707798613,64.99441894359495,6,5,0
2203,16.050616879285133,70.23733104554498,30,2,0
2204,33.497603019173255,88.36323461205065,47,2,1
2205,37.951913804978766,46.404124772034706,46,5,0
2206,22.000933238762236,76.12881179169642,77,4,0
2207,36.45854191997802,50.417167431314674,91,2,0
2208,22.305455761547442,80.86735702704858,52,3,0
2209,37.76925404109788,32.64602789179122,79,2,0
2210,33.8490475899196,86.33803239449958,18,5,0
2211,35.122669421035965,35.314019588761575,80,1,0
2212,15.450163890011362,42.83543548866521,89,2,0
2213,39.07025892685065,72.93345638747464,5,4,0
2214,33.16677480175808,47.562859909578464,48,3,1
2215,22.618777384653335,62.57479637365127,72,3,0
2216,35.73486662147117,51.12014507485999,49,1,0
2217,22.03802996037325,71.96589559628472,80,1,0
2218,36.8188459891532,35.98318766580276,94,2,0
2219,17.814509760298424,24.09205910658139,11,5,0
2220,32.59214943651989,40.995057823114635,22,4,0
2221,28.51746191612276,53.20160654079012,53,3,0
2222,17.41336175488602,31.7614036534875,68,1,0
2223,21.047345706470974,44.83581027594721,99,4,0
2224,15.31010090693287,47.9988112805498,58,5,1
2225,26.719199136612644,24.017429058179147,35,3,0
2226,22.53163151900001,60.831507372894315,2,3,0
2227,29.958937107443973,81.90403995799014,57,5,1
2228,22.43094519271543,30.62200390671367,87,3,0
2229,22.497977787674618,61.84656093810598,54,5,1
2230,33.579829968290085,66.53174434375924,56,3,0
2231,16.203570899458835,49.35342762935018,16,2,0
2232,37.57237487979968,69.07683111549889,38,5,1
2233,36.30659685977953,48.75120804437084,89,4,0
2234,31.695117080660165,55.32461015842044,67,2,1
2235,29.83053925268461,20.514713118809887,54,4,0
2236,37.30756245349131,68.42040798942821,44,3,1
2237,19.63325448821786,66.2939875261307,75,4,0
2238,16.974229054770717,22.68806141284412,0,2,0
2239,20.98775424773845,45.777507517659316,20,5,0
2240,34.86445696750476,88.53222885541672,82,1,1
2241,15.866756668162083,49.45155937980317,20,4,0
2242,29.570170877087243,55.13617835922892,51,1,0
2243,39.88593790478275,83.69511107118029,81,4,0
2244,36.392402345938486,70.20833131060294,42,4,0
2245,28.036142226089737,60.74490917869565,51,5,0
2246,16.59102273216606,75.84632769387508,66,3,0
2247,35.78433785964275,80.50563865191813,43,2,0
2248,29.974462704430266,51.98216502160868,31,2,0
2249,17.873324926489172,53.25758554522848,9,2,1
2250,17.346432120583906,47.0235654956285,63,3,0
2251,37.740670485914805,87.66942980129224,78,1,0
2252,31.73000657345196,68.80163780032453,68,2,0
2253,35.73216998291889,25.82561463456506,67,1,0
2254,36.97447250705668,80.40717363191129,27,3,0
2255,29.294308801208054,53.63919585853876,52,3,0
2256,27.936158793876032,24.812773449574124,50,5,0
2257,25.760685258024754,58.48020786143177,52,2,0
2258,22.923664694777983,49.201499528299145,3,5,0
2259,25.864899021467792,81.44245834038374,78,2,0
2260,34.34699139325391,34.27962225265712,16,3,0
2261,30.04808577537829,77.8525226644528,66,3,0
2262,37.313082248871154,59.03820838298169,73,4,0
2263,26.08450035947969,23.822721224942832,46,4,1
2264,30.17723946796885,88.02917109278393,55,3,0
2265,30.78268882729972,55.88306708722399,22,3,0
2266,29.79242905765814,40.36137979621077,17,1,0
2267,32.56584432713791,52.858478939248066,0,1,0
2268,20.935836709370157,80.05004484622424,34,5,0
2269,27.809094438644767,41.343218706954445,63,4,0
2270,17.60562007020869,33.48734775406902,57,4,0
2271,24.612783191120315,29.0349872851617,94,3,0
2272,27.19167671553161,40.850157887314786,58,3,0
2273,31.305606488636812,74.60336609280304,0,5,0
2274,38.76327631465509,53.01384556366832,2,4,0
2275,30.016276663708897,35.923712258547795,66,1,1
2276,33.58984790441399,31.632949972682443,36,2,0
2277,27.656651487380067,43.291063355726536,82,5,1
2278,30.85260078440828,85.79470610199962,28,2,0
2279,16.773305403344335,44.011869881301706,88,1,0
2280,21.359789521046174,89.16868531682448,32,1,0
2281,24.046327330128467,53.96613190357493,99,2,0
2282,26.81233387516284,32.54147428031056,60,5,0
2283,16.141218637559593,82.37980642554567,92,2,0
2284,18.500602438832942,52.22487611943788,89,5,0
2285,21.920357694782645,69.67699404531672,3,5,0
2286,39.28831727252627,88.85981082464062,13,3,0
2287,23.28367517757627,23.51227452239818,90,4,0
2288,27.051026452802063,26.7686191851297,32,4,0
2289,19.902442818459825,70.43197190239293,21,1,0
2290,30.269501776894206,39.72775023068304,47,3,0
2291,22.01708038789936,32.90109778650694,2,4,0
2292,20.17481446096067,22.755331587381065,86,5,0
2293,27.914315711149477,21.529269839034125,84,5,1
2294,15.13764497901052,74.21399221838536,22,2,0
2295,15.191600816230633,29.410339915868498,67,2,0
2296,20.476720227546444,52.74044311798056,20,5,0
2297,15.918034062520528,62.41277706256381,100,5,0
2298,17.700643853267284,49.98462603981923,42,2,0
2299,23.47151623346879,21.897465663536316,94,4,0
2300,35.06464198949532,74.84510518115363,84,1,0
2301,29.30121608423252,20.735925717915745,25,2,0
2302,27.81669314891041,73.33229260642388,40,4,0
2303,22.33722058020304,82.5313145651686,98,4,0
2304,38.293842985820405,50.29879447400206,37,4,0
2305,24.92537603092979,57.48797311684588,87,3,0
2306,17.177319169894286,53.38883748323576,10,3,0
2307,30.426662902945033,47.244603303640716,28,4,0
2308,17.845959836915036,82.11971747592523,59,5,0
2309,23.630578570042303,82.57534574689933,66,3,0
2310,27.685298467945223,43.507145524907415,64,2,0
2311,36.85556311712939,63.05488278102886,60,3,0
2312,27.338664508502966,84.8835293502105,18,5,0
2313,32.55646915079161,87.34409492589461,45,1,0
2314,39.820420974976756,55.62713282954333,48,3,0
2315,18.28722799744954,51.69773636990287,21,4,0
2316,21.86828813798799,39.508602114996805,77,4,0
2317,24.86440188994116,87.1210311233287,56,4,1
2318,25.545704463470784,29.997001313100714,13,1,0
2319,25.275526881638644,60.58807032334075,43,5,0
2320,37.69027506391387,39.778518726304725,15,2,0
2321,32.850816111671406,39.53058032434576,96,5,0
2322,30.197630352267595,48.34780111633319,76,1,0
2323,22.734317946569554,89.91550550709582,11,4,0
2324,35.59475960553237,23.847641478787544,54,5,1
2325,38.876512787124724,60.4979272742472,50,2,0
2326,35.52995706375566,25.780051062469404,38,4,0
2327,15.039127629786822,30.81645809933633,32,2,0
2328,30.910034254585177,50.76940592410291,32,3,1
2329,16.278384536052517,55.73220919425089,28,2,0
2330,21.440180508343047,38.11546858551668,68,4,0
2331,16.48811750869429,42.15199916120913,69,3,0
2332,30.09488632373469,26.087691417915316,30,4,0
2333,32.16474783731517,41.22538486909754,79,4,0
2334,17.862190951647626,87.65909075663808,30,3,0
2335,24.59597207612449,86.12951671707371,88,2,0
2336,26.405912723888548,43.441480309588954,45,1,0
2337,24.226325544022913,59.95977553951331,96,1,0
2338,18.025625012129826,83.6716773777661,76,1,0
2339,25.473694754686885,20.432867584862766,51,1,0
2340,33.779451195210456,76.74784992363143,9,5,0
2341,16.775191613331387,86.38586869522433,87,1,0
2342,17.004500352047586,26.392801403348994,73,3,0
2343,23.869282295899605,31.30133802230447,40,1,0
2344,38.54314279047313,87.25224119399488,94,4,0
2345,31.714316168072852,57.62781005482424,76,1,0
2346,31.96674891681412,20.99376441302066,2,2,0
2347,24.047999770946625,38.03423991344704,58,3,0
2348,29.84151978021346,51.496057198820175,51,3,0
2349,15.253279600693585,68.50362377173374,33,5,0
2350,30.902401160238554,71.32122646957598,48,4,1
2351,37.83217368940592,89.67950590478193,27,3,0
2352,30.31433670862048,40.12578395686313,82,2,0
2353,36.84246483665862,57.67540713079327,86,1,0
2354,33.09932638665234,57.33264835017235,95,3,0
2355,18.013960410092256,48.39516816130663,12,2,0
2356,37.561332682146045,31.841332568969413,96,1,0
2357,16.661096108894373,88.42195942286898,97,5,0
2358,28.349186813694097,79.73220306666101,96,3,1
2359,18.55342809483644,54.8833119805966,68,3,0
2360,15.292665268272602,62.227179587882084,66,2,0
2361,25.550856503190975,35.90827374917636,60,4,0
2362,22.376017691353905,58.06509492742228,59,5,0
2363,27.150012344940073,68.64790931850331,70,4,1
2364,29.42999716836377,56.06169198706122,23,3,0
2365,16.093476807723682,89.31996194094589,62,4,0
2366,18.07508237809364,62.793915937340834,85,1,1
2367,28.966059911260636,45.96815988145183,60,5,0
2368,23.579183829316456,74.05064193310866,22,4,0
2369,33.229337188736196,31.932375810714944,29,1,0
2370,31.307291214798493,46.91610695943866,59,2,0
2371,36.14010907474767,44.28712652643101,17,4,1
2372,32.31232066673063,50.22649665754441,95,5,0
2373,25.748276934753704,74.72458781501084,55,1,0
2374,31.82416555986081,53.89211225143852,52,4,1
2375,21.884529356385464,75.5810115186174,6,2,0
2376,22.657837469455316,60.35422321979061,96,4,1
2377,34.72462899801983,43.944860426028875,68,1,0
2378,26.160487910039556,76.69851205784306,91,4,0
2379,34.95950851295881,36.68027693871641,71,5,0
2380,35.56055934170696,35.706808585985684,78,3,0
2381,36.4390584415321,55.3152046838385,51,1,0
2382,37.91588089603018,38.25944721734622,3,1,0
2383,25.774630512832406,20.636092446585142,33,1,1
2384,22.97167045802847,65.38082691091611,68,1,0
2385,29.554968664852847,55.77656750306786,32,4,0
2386,24.27931058594069,51.186247014521285,68,5,0
2387,30.026854170005826,87.68779602328208,37,2,1
2388,32.639646566095614,59.98394287740396,97,5,0
2389,32.210125462303424,80.44021044525692,25,1,0
2390,24.36382217550303,29.761516534361213,0,4,0
2391,19.17150504246882,59.84445241905994,3,4,0
2392,25.76323346155519,80.75857387116321,38,1,1
2393,18.56485360204772,60.81740300959286,53,4,0
2394,37.25242587959521,70.26099246889011,89,1,0
2395,23.646936518446434,46.04304974685452,32,5,0
2396,18.861493680583095,26.47146619259466,32,3,0
2397,15.636193997643772,52.053020658895,71,4,0
2398,31.145559657162107,47.61355735872003,19,1,0
2399,30.92255793636858,80.6942127665263,15,1,0
2400,23.51510416453229,37.07967116467306,20,4,0
2401,16.792797221191275,87.67139592745757,44,2,1
2402,25.2407223723808,87.06966838631473,89,1,0
2403,22.78043737658484,37.33421501500071,86,4,0
2404,31.928015993375233,44.36363688341243,81,1,0
2405,30.144481236317258,82.68890186117196,61,2,0
2406,24.114843204938502,87.66355546272753,30,3,0
2407,20.447313856374752,51.04073719852308,41,2,0
2408,39.70089915388979,42.469793194862845,11,5,0
2409,26.35004052990287,56.82658092760794,64,4,0
2410,32.20685589450593,68.14384444560145,72,2,0
2411,18.51382418945902,39.143216076248585,2,3,0
2412,27.139742491484945,71.5531222233351,89,1,0
2413,15.688417996736638,23.616014998024873,8,4,0
2414,27.636377947761247,23.45061449350915,50,2,0
2415,39.10043517794256,47.040139360188164,15,3,0
2416,24.605167824645008,44.74312344425044,87,2,0
2417,15.974900314372789,42.09432507570066,77,5,0
2418,15.773894772983589,54.3713833868237,2,4,0
2419,24.699668998671736,42.45135076180999,97,1,0
2420,19.000623411579852,33.458054292766434,96,3,0
2421,15.583802408204647,41.66286843620206,23,2,0
2422,33.90534034875442,88.24329909671644,72,4,0
2423,26.463075222047266,48.7779391896394,12,2,0
2424,22.23111929931636,51.1298943800835,1,4,1
2425,37.50207957541202,60.3581492965798,70,5,0
2426,17.90347400501314,88.83385378899587,20,2,0
2427,38.89797072388298,36.91208935050341,18,5,0
2428,22.849167934433822,67.68974773727037,88,3,0
2429,37.210091807717035,70.11892854792069,46,5,0
2430,30.07357191198654,62.512709175514615,21,4,0
2431,35.66768399353718,26.200483774565086,74,3,0
2432,39.6003290802616,67.38105930793034,32,2,0
2433,22.210135945468643,24.486629772532282,31,2,0
2434,39.028387135189824,61.729985468492785,63,4,0
2435,24.73704737256051,71.770682405522,84,1,0
2436,24.637797618423058,34.767892343396525,38,1,0
2437,23.509677606362644,78.91354052799419,83,2,0
2438,28.53519018368963,22.1247663873103,71,4,0
2439,18.853626079462178,79.06690045608143,41,1,0
2440,28.84278713395028,52.223033544993555,100,5,0
2441,28.5426203102501,35.231155795215116,8,2,0
2442,34.04754531512175,29.364470149577762,24,5,0
2443,35.841249048439636,86.73150173076608,88,4,1
2444,26.0110337578106,25.08659113068097,96,5,1
2445,22.558331233787342,33.9365393955148,1,1,0
2446,21.48337243292736,44.34756432031322,18,1,0
2447,19.865595917621796,63.41643942727843,19,3,1
2448,16.441189554975622,58.13607596932689,92,2,0
2449,23.561199470867834,28.79504446886198,69,4,0
2450,21.756192303269582,40.280958861675025,16,2,0
2451,39.160434646660185,36.71262397602169,88,5,0
2452,28.942720656251097,34.94799981432389,67,4,0
2453,23.681925975762688,48.78010355359909,93,4,0
2454,29.5116900248424,69.28220168141598,83,1,0
2455,18.479917533642386,35.221705255206516,2,5,0
2456,26.101093730055073,45.667521579208696,86,1,0
2457,30.655858035526595,47.36421987888136,50,1,0
2458,27.222445794811286,88.35195706047871,81,3,0
2459,25.044470016358105,86.82664498153483,25,1,0
2460,39.84620972249245,76.00963079264531,55,2,0
2461,37.00786905372318,36.91612445734296,99,4,0
2462,30.585148953986003,24.76261198641688,63,1,0
2463,29.23443402955707,42.18328964044373,7,2,0
2464,30.5165119956146,38.675618460368156,80,5,0
2465,20.032802695560832,55.414806010247574,94,4,0
2466,24.878443581607964,74.44095370474551,36,5,0
2467,15.986488322272482,80.08260572152005,96,2,0
2468,26.888650937170667,79.1404859787356,26,5,0
2469,28.575614598941577,45.17728928561475,44,5,0
2470,20.69374340258024,68.1064040422478,3,5,0
2471,39.10072117913784,41.898393826695404,85,1,0
2472,37.73636527343105,24.263388026462792,89,1,0
2473,33.05358088639765,69.10956859220596,95,1,0
2474,28.334665719134065,20.68792867988515,87,4,0
2475,36.749228991192126,48.6427811220942,98,2,1
2476,18.266308595586572,43.0565488511453,36,1,0
2477,34.762744856872125,68.53642769631966,95,5,0
2478,18.12052034917121,73.63718309322653,70,5,0
2479,34.855266563735135,41.286624517989864,32,5,0
2480,21.894189206283926,76.81389101113975,30,5,0
2481,36.927264525454724,40.57417323534536,54,3,0
2482,38.60105234563495,51.24284519905929,11,4,0
2483,18.71989923512789,70.89129689098937,10,2,0
2484,26.56689012663484,68.5044160457352,87,2,0
2485,39.52468445406713,89.115793061854,71,1,0
2486,27.085185899328664,35.76127169511523,31,3,0
2487,36.588688062863625,66.36225394777077,56,2,0
2488,29.718288053282997,62.677733579304416,37,4,0
2489,24.383247697990047,84.05689181430209,59,5,0
2490,22.144588888146757,30.945349915141254,85,1,0
2491,20.08057727715218,72.62587145108532,97,4,0
2492,34.04495478444243,59.778803138813785,18,2,0
2493,24.6635126705757,39.22661088515338,83,3,0
2494,27.78188655501878,53.21044399030219,55,1,0
2495,27.308137000029546,43.364361794885845,13,2,0
2496,29.43197573082828,60.551938195192264,32,1,0
2497,36.6394286406138,82.23004275702661,9,2,0
2498,39.518483589585735,59.85134890885414,79,5,0
2499,25.189605214345423,64.22056928286088,63,3,0
2500,35.687973052657576,56.31234929802966,63,5,1
2501,34.11319486636794,23.581585451183315,61,2,0
2502,29.33822378638933,36.3000989813266,67,4,0
2503,38.90117859029833,54.440121060245794,90,5,0
2504,20.011862888210068,41.71646986212933,91,4,0
2505,17.731605257740537,32.7234518432836,42,2,0
2506,36.349049173885554,55.289298934290684,79,3,0
2507,25.978745415843708,42.59668554134952,58,4,0
2508,36.17422135517651,38.067535022139026,51,2,0
2509,37.32725512988537,52.47897922082666,96,4,0
2510,16.561439840476787,29.32989806575212,18,5,0
2511,37.086619074651516,84.94220131527851,20,2,0
2512,26.207976384235554,80.73914685434673,21,5,0
2513,27.760812225105806,69.53344100183747,8,1,0
2514,30.664812777330255,27.434967931191935,8,2,0
2515,38.15956516825217,74.31140781287851,72,4,0
2516,15.477902360744102,76.55701296763132,26,1,1
2517,26.921086707945427,73.74352324000364,16,5,0
2518,32.19305106076402,27.97761209834688,43,5,0
2519,33.06767394245571,65.07355699474353,44,4,0
2520,32.3133107884277,78.4027357024579,7,1,0
2521,18.360878235203046,60.41473808537674,79,3,0
2522,22.48488970929203,65.24851626596623,17,4,0
2523,23.967888135425337,52.08544355984143,32,5,0
2524,35.11093019198762,57.00951239188368,0,2,1
2525,21.968996810363826,22.406380084620764,75,1,0
2526,20.26762409668008,64.72741153812993,5,3,1
2527,38.936200475952404,25.701304902381143,40,2,0
2528,15.221582127836722,50.45102160381563,54,1,0
2529,39.94552139204946,40.48585683671855,4,4,0
2530,31.92053247143489,58.179956514819914,58,4,0
2531,35.71173248622793,29.339143486624494,79,1,0
2532,22.365484908654828,68.41503813813227,17,3,0
2533,15.3578819416765,75.65080758499292,48,1,1
2534,33.44673796403825,31.434811482020955,81,2,1
2535,35.8536149250169,27.30191611463175,64,2,0
2536,33.51190329883798,30.186083795115138,82,4,0
2537,18.571257182520966,81.39892933289512,53,1,0
2538,33.83569805642423,56.97324832294493,60,4,0
2539,34.22306955269103,52.70826972052518,7,3,0
2540,31.46351289175137,27.4698273371648,2,2,1
2541,34.15289831988966,65.46892047298732,24,5,0
2542,36.1480359919433,80.7599714326563,68,5,0
2543,30.34010285593646,77.9730108526417,54,1,0
2544,17.215117849241977,63.82382962865609,39,1,0
2545,27.190695241680274,25.269510165617156,82,5,0
2546,16.941233366790126,27.867791902320906,81,1,0
2547,25.18857577581077,23.45162909768773,49,2,1
2548,25.17766222814069,38.02354515447285,94,3,0
2549,16.65024610350604,29.49630270122644,32,3,0
2550,23.72051334923698,38.20336281767037,17,4,0
2551,17.77495246978287,46.95406390032731,56,2,1
2552,35.20588025023055,86.0087948849795,15,1,1
2553,38.69220064911177,62.72632418471844,79,1,0
2554,16.807911881448465,78.44816499780737,37,4,0
2555,38.877880182292536,69.72460504986326,40,4,1
2556,28.06441498341863,27.875219136864224,6,1,0
2557,22.489141948846846,71.51442844617642,77,1,0
2558,16.921551881904087,39.25692170913871,52,2,0
2559,27.515606701760447,64.73754928962944,62,4,0
2560,34.86288861226872,43.86733815500919,88,2,0
2561,32.677161931667456,89.83705842852615,31,1,0
2562,16.255650286599344,38.448603564774444,37,5,0
2563,16.822545884197588,39.53913295419888,21,5,0
2564,25.071832065815926,85.14705788936789,15,1,0
2565,22.382262351198584,21.725108324542585,51,4,0
2566,20.809608076401197,68.76822915112379,28,5,0
2567,22.02511247271784,70.77284735151147,15,4,0
2568,35.08706858242212,78.54650041872796,75,5,0
2569,38.230701340796344,88.21075174469327,16,4,1
2570,25.12756736318916,88.29213434096567,100,5,1
2571,37.652775053312425,24.569373029652475,63,4,1
2572,23.03739253119705,77.52875259270317,90,2,0
2573,26.91092465859479,65.24169535601669,88,4,0
2574,20.650724945399993,65.3139494061164,12,2,1
2575,31.0119010543961,28.984494863028637,71,2,0
2576,39.47452787937022,65.51310165119574,55,1,0
2577,30.087327401084465,88.77378064208735,4,2,0
2578,23.945352102838722,83.82729986776128,11,3,0
2579,31.19543614976321,50.73914625633954,40,2,0
2580,18.07301696163469,22.796358130026604,2,4,0
2581,37.21647700663497,45.36054430001434,98,2,0
2582,27.577098769495908,77.84732181203887,32,4,0
2583,26.23374355099105,69.10493710256162,85,4,1
2584,29.64661971133798,52.154055891576945,49,3,0
2585,30.619596569735062,23.857107461118176,55,2,0
2586,16.794395155662826,49.882630947631185,8,2,1
2587,32.06543053058506,52.83174578025184,81,5,0
2588,21.04829200788824,84.99888730258952,49,5,0
2589,32.848815812664746,64.87602725075116,28,1,0
2590,35.56336985960492,41.81570416582542,38,4,0
2591,35.098962688813,56.772278511550496,90,3,1
2592,28.812524185197226,24.623871547551204,99,5,0
2593,28.00424730776878,88.07977649548158,44,2,1
2594,18.571899033485295,45.20419313515082,16,1,0
2595,34.38365376007839,53.450714843919506,55,3,0
2596,21.785234511167857,44.86987819658458,97,2,0
2597,27.417385570448666,67.77582110813401,45,2,0
2598,22.106852323187915,66.35625108307151,66,4,0
2599,18.345709074992328,70.07256173703949,68,4,0
2600,30.738942422293412,38.770026072834455,13,5,0
2601,16.358300870572595,42.09679368148462,66,5,0
2602,33.716130853155,28.767586176734557,22,2,0
2603,22.939669881527916,65.88569802922788,93,2,0
2604,15.003367325112134,22.78579891349568,60,5,0
2605,27.778228480930743,61.83776348664213,22,5,0
2606,16.17129771319008,80.87871193961436,26,2,1
2607,21.904238945522486,82.35825038027434,53,3,0
2608,32.6744121863929,51.43264322589732,9,2,0
2609,16.567240540546646,52.151258174915164,88,3,0
2610,35.98346230890006,25.387842810561217,76,3,0
2611,15.095498066464577,66.9535517810125,15,2,1
2612,21.170596730047556,77.48815942609919,40,1,0
2613,33.52260140380179,37.125853822329915,97,5,1
2614,22.90675374323267,49.49106171433553,54,4,0
2615,17.547309701650338,78.71875357356893,100,2,1
2616,24.0058479700107,81.39843273636016,60,3,0
2617,21.75983215961314,37.02259861849582,85,2,0
2618,36.06779755401387,58.5399444178955,80,5,0
2619,22.83369793962858,33.4745205445079,86,3,0
2620,34.72331179440018,27.131513489768956,99,4,0
2621,37.29680362026836,83.77843509743703,48,4,0
2622,25.84543548941324,77.43552529624765,72,4,0
2623,37.7485785963598,73.20244312622216,51,1,0
2624,24.432951349079822,23.41364231691983,1,3,0
2625,39.10196041225271,79.06101548971802,95,3,0
2626,17.232238113139324,50.66308531337686,49,1,0
2627,32.17548166258106,43.967658630710176,85,3,0
2628,27.34535101142322,58.253345271776354,42,1,1
2629,24.691220136391177,26.39472699064891,76,2,0
2630,30.817796968715022,72.96525845466792,7,5,0
2631,32.59642729085828,60.770455382180714,58,4,0
2632,15.109081741257727,33.06130678112173,64,1,1
2633,19.173827218679968,33.17625398383319,80,1,0
2634,32.826151265857966,32.8974056100872,11,1,0
2635,31.65963533945516,23.990167128635377,3,2,0
2636,39.15118762821693,61.145891456017935,76,1,0
2637,34.025944756269574,78.82437243119557,94,5,0
2638,38.769317693283455,21.224874979117203,40,5,0
2639,32.563512538370176,23.430325147989148,6,4,0
2640,22.45130521598608,60.093919368086205,86,2,1
2641,17.634123056271413,77.36469797702367,87,5,0
2642,34.54559658362339,42.87172233980435,68,3,0
2643,31.1037305368979,44.47300791654055,68,3,0
2644,16.204650309832406,61.744254824774316,80,3,0
2645,24.00126164752446,39.19490223869029,29,1,0
2646,38.91999538710715,21.862585625437887,72,1,0
2647,27.51002864275503,71.46599626711173,5,3,0
2648,25.818228400492615,63.795493905901715,88,4,0
2649,26.44249012898235,60.652919933896136,18,4,1
2650,20.222068100129093,71.91788902942761,79,1,0
2651,24.21767927161988,67.26615862934263,84,3,0
2652,24.245331399679415,34.411739172482484,65,4,0
2653,16.30887550468681,44.67367328603458,9,1,0
2654,34.189190712947955,28.82770991750375,15,3,0
2655,25.412610797596976,29.08999093925167,36,2,0
2656,35.554497170410585,67.33370224495775,78,3,0
2657,36.258700027997385,80.10200748877487,76,3,0
2658,20.299851367466452,87.39128087027973,76,5,0
2659,31.433837054253214,63.98429822846111,31,5,0
2660,26.807045104074543,32.88709263526699,46,2,0
2661,37.003918448037126,27.39552418142515,71,2,0
2662,20.393516979411352,76.89956800757304,42,3,0
2663,31.945330007751107,60.512953345199946,81,4,0
2664,30.193803056318064,63.27995147096039,35,2,0
2665,22.382536939295818,74.70234621282964,25,3,0
2666,18.415022591279314,69.22940594127161,9,1,0
2667,31.290994011931915,78.41207769992677,30,5,0
2668,33.46493645330827,23.934973382191494,96,4,0
2669,22.89068359408375,72.32644457225534,28,3,0
2670,31.120815100557845,79.55969301254669,4,1,1
2671,24.87827269028758,40.029452972082005,76,5,0
2672,32.830172082065445,64.8313091795277,0,1,0
2673,19.980381872351327,41.991344468588046,86,3,0
2674,37.25537506590436,87.05797465377178,2,2,0
2675,22.185239911639492,22.339650070485263,66,5,0
2676,24.194649693903823,60.58549906830685,70,1,0
2677,16.452298802008745,31.655248293466055,99,2,1
2678,17.78780530803191,69.8554143624011,34,4,1
2679,27.896547567808202,32.31231983930635,14,3,1
2680,21.689816918199288,36.476828332885034,66,3,0
2681,35.88700564355486,54.60595677320307,92,5,1
2682,15.367334716373847,84.03844649978147,29,1,0
2683,24.477351216798404,34.82000605035796,81,4,0
2684,23.433638669227317,30.096801478267245,74,5,0
2685,15.483190772940025,73.12837822978214,42,5,0
2686,18.109209975012757,55.04336726337517,59,1,0
2687,25.341066872965882,83.82495786672399,39,4,0
2688,27.321614611186163,30.263019001188958,64,1,0
2689,25.107243681371727,65.21495251161275,28,3,1
2690,28.273441960302346,36.301540230627054,73,2,0
2691,29.878291872642038,30.973230005614752,91,3,0
2692,15.24809552819589,67.84005906100893,94,3,0
2693,26.602378986337598,61.557923393611325,18,5,1
2694,39.087481022189706,72.83792208536319,2,3,0
2695,27.975807003238717,41.66238035123277,35,4,0
2696,31.93855668647383,51.3580159467533,42,3,1
2697,22.79659644792208,48.383017343129296,14,4,0
2698,34.34978445381906,88.88626247765599,96,1,0
2699,34.323037046902876,40.45742697175715,40,5,0
2700,28.032401191353472,40.63720668427368,89,4,0
2701,39.40034558198034,44.818374618002515,79,3,0
2702,18.138755369066335,59.5215856903225,35,5,0
2703,15.423691622239526,37.66259209846217,96,5,1
2704,34.253955293927405,84.07029582654917,83,4,1
2705,35.178888434122065,38.597989540638444,76,4,0
2706,18.005180728014405,82.70710120921362,32,2,0
2707,21.63957082396515,27.243254455260924,4,2,1
2708,15.438809084165722,65.95938916797566,100,5,0
2709,22.332715269514118,83.48898629067706,77,2,0
2710,34.32854684796679,31.81246068787607,90,3,0
2711,27.949013192814473,87.78288720694785,86,1,0
2712,23.702389829207203,51.701835229085816,13,5,0
2713,24.293482372658257,86.20005759087171,67,1,0
2714,15.033840642886704,67.3774030541033,82,2,0
2715,22.495013189130898,41.1110808911486,46,4,1
2716,31.161468540948263,33.18117674419745,53,5,0
2717,39.35486109540893,41.26145323575696,3,2,0
2718,36.176520674597484,26.51121864838725,93,3,1
2719,15.589874116138228,30.070757644033083,82,5,0
2720,37.46401511687098,27.32623082425368,94,5,0
2721,34.579960332465646,49.60604806190904,94,4,0
2722,34.509403089274514,75.69048633803105,8,5,0
2723,26.44989397508929,29.896848795143814,52,4,0
2724,24.95013232386257,29.12243032206351,76,2,0
2725,22.572893220829815,65.04002646621316,77,3,0
2726,16.642371473859143,33.802808737764636,59,3,1
2727,20.705884087342476,26.832702667629412,45,5,0
2728,21.165090874450616,31.679400474390434,53,5,0
2729,27.10192674275504,84.66119771137433,73,2,0
2730,33.68611016491735,77.50298769433336,94,4,0
2731,26.845245709948664,44.784519364856585,36,3,0
2732,16.446111236179014,65.90745371291749,22,4,0
2733,38.9447450247051,57.609297156762665,26,2,0
2734,38.56810797735281,67.39869844377947,69,3,0
2735,34.62973857871021,67.78698067239316,89,3,0
2736,39.783197539105515,64.0113810541995,65,1,0
2737,28.612058320006575,38.6270957976116,60,2,1
2738,39.069208756330156,22.73044945339727,76,2,0
2739,16.89012601541877,51.889674739307615,50,1,0
2740,24.142018706534284,82.36817192834927,49,4,0
2741,20.634531700169145,59.864808096300315,18,1,0
2742,19.89582710335675,78.26737291913355,0,2,0
2743,18.5200737223169,89.41370400728597,39,4,0
2744,30.560341039149918,31.45313428967934,31,3,0
2745,34.533046393682625,68.42443473993876,21,1,0
2746,29.45745998550902,67.20055015900172,92,4,0
2747,18.674067739705244,88.59688131507949,65,4,0
2748,35.27809424833677,88.99205137669603,39,4,0
2749,30.898867679093215,68.06750282068907,37,1,0
2750,24.704142653174888,37.0530354387536,47,3,0
2751,31.853257388401573,75.89890866914193,54,4,1
2752,21.497624481070822,27.492039394772668,74,1,0
2753,23.629805212355265,74.648951292014,80,2,0
2754,37.937146078299754,83.71372869012875,54,1,1
2755,22.26261264178551,46.79833763379047,50,1,0
2756,26.749706703948416,64.14447064881563,59,1,0
2757,37.25352843490037,50.10999124677784,7,4,0
2758,32.69303375668819,50.643553849168995,85,1,0
2759,16.555080654117567,41.7259622375684,67,2,0
2760,18.68257610697426,73.34907343152273,74,4,1
2761,15.19603976929792,85.53235949165537,71,2,0
2762,30.773044755729085,85.85256014641227,8,5,0
2763,26.19183563526046,32.234689941245364,89,1,0
2764,18.356871272556887,81.23205547595961,1,4,0
2765,38.94835302641926,71.62020089989855,79,4,0
2766,28.241493098640497,37.69861804832025,94,1,0
2767,21.04733235282223,24.70992290450602,69,3,0
2768,27.51508927886769,38.759808681906456,84,3,0
2769,31.990508318377696,83.8545765747068,89,2,0
2770,16.90598044933911,64.32250724270406,58,1,0
2771,21.8675953761973,70.47382626285102,18,1,0
2772,35.17413727209984,38.00066457763671,27,5,0
2773,26.49162176006653,70.35717089023743,71,3,1
2774,28.664428550807372,21.968505439454663,13,3,0
2775,25.820400055236732,46.27249420411097,23,1,0
2776,16.097498566075128,63.872734397963185,43,2,0
2777,19.1437444955039,30.226759587892417,100,1,0
2778,26.13854096854727,77.61025021128543,55,2,0
2779,20.229636635198197,36.452190916834304,89,3,0
2780,16.24947571649197,65.65967789729123,94,5,0
2781,36.09124160129559,48.36379998027308,50,4,1
2782,39.5298132291029,61.7230516834353,31,3,1
2783,34.82857184991849,27.521538684023568,49,2,0
2784,36.344623042616675,21.18389599451251,40,1,0
2785,21.049428257926134,83.66950991662108,65,3,1
2786,39.01567438782999,38.874100613702794,24,5,0
2787,19.92314261133571,77.37739019463214,60,2,0
2788,38.78574525904581,89.95452103305401,65,1,0
2789,39.87048234914877,34.800188059923784,41,4,0
2790,32.79307014365122,38.56195188283489,64,2,0
2791,39.52859329479555,66.40018513442661,35,1,1
2792,29.23849448917759,87.58140442204349,75,4,1
2793,21.48854457940226,84.10700437335207,8,1,0
2794,25.92489714164052,55.201286404590945,35,4,0
2795,29.839023384469648,75.65771977687072,91,4,0
2796,16.827039050675374,29.50220971699307,37,4,0
2797,30.55858161543115,88.42067289428086,32,1,0
2798,39.529445919057366,87.50472638251905,41,4,0
2799,19.75269124459319,31.46102705154197,60,2,0
2800,34.81487790720958,40.959618736217465,45,5,0
2801,37.697469844490485,27.010849825473684,85,5,1
2802,38.59253982050552,39.02023192287258,88,4,1
2803,39.00339011013618,77.11690525906447,60,5,0
2804,28.036490968036798,46.48209250156816,17,5,0
2805,39.432697699787596,26.187787700273084,69,4,0
2806,33.93275517836097,43.955786734523315,81,4,0
2807,19.041785905924048,88.6968333968896,79,2,1
2808,26.922502661699248,64.0778516681442,14,3,0
2809,32.9582793843001,49.13126624843105,47,1,0
2810,21.183507895477085,31.6576959448089,71,4,0
2811,31.015379588722183,89.03237580985864,12,4,0
2812,31.66501197616548,77.45943064841902,42,5,0
2813,19.067493595214145,39.703411171564355,59,2,0
2814,29.12713281131891,24.90480870048326,56,5,0
2815,34.29067277446519,23.96378901642906,70,4,0
2816,27.47239161339855,28.426470465387368,16,4,0
2817,15.302577919402685,60.653800853009514,49,5,0
2818,15.225961726982305,85.01343948438446,31,4,1
2819,23.925733599250304,54.772039960418915,21,3,0
2820,38.154851710794546,79.00618377193379,54,1,0
2821,20.71691949009022,51.21206339018654,56,1,0
2822,30.859092221792178,69.60084820374777,12,1,0
2823,20.551896767333012,71.23109161005506,46,3,0
2824,23.041749741488715,32.177459413233706,86,4,0
2825,36.2010522400371,45.28512412830682,61,5,0
2826,33.221536056748675,64.61115095766166,53,2,0
2827,17.384981932830264,24.948762572905633,28,4,0
2828,25.71755052466084,45.30781314340696,21,3,0
2829,15.729244091131612,57.435962639683474,64,3,1
2830,27.022253665075226,89.7357145131247,28,1,0
2831,31.560850292526702,53.21734938357085,47,4,0
2832,17.96256558995379,77.12397299800264,4,1,1
2833,22.22212347272914,50.24470995466324,34,2,0
2834,24.945915637553924,75.74735058337961,73,1,0
2835,37.98827561640124,61.67903611340759,82,2,0
2836,39.831375385574106,82.06168090516789,100,3,1
2837,16.122782474890396,48.76597866450769,70,1,0
2838,34.0251980873848,62.30130938750352,45,1,1
2839,24.293101660058582,64.10130764331791,34,5,0
2840,24.811454655737002,49.21680592603313,44,3,0
2841,33.85662433367557,30.101843058123706,12,5,0
2842,37.96066080363522,26.549158483863486,9,2,0
2843,38.773214862563705,21.16700854197432,65,2,0
2844,29.42806465095802,81.14739849716503,69,3,0
2845,23.928028982512572,36.55324385670862,71,2,0
2846,34.68872714646948,34.805472449723766,99,3,0
2847,21.275034581557506,71.52247802982458,24,2,0
2848,29.101850720837945,42.401127916117424,43,4,0
2849,23.96446153812183,55.42312846882856,59,1,0
2850,31.415776842696904,31.37577457082194,46,4,0
2851,21.009972822337673,87.18220050233785,39,3,0
2852,19.789823643370646,79.61069800120661,6,3,1
2853,37.95597716688593,80.46527360755023,45,4,0
2854,17.545092073738424,48.47416240004036,22,1,0
2855,27.64894769337329,73.3652849595021,82,1,0
2856,20.52131957407522,30.07133087728461,45,5,0
2857,15.973249083141686,20.60333018142462,85,2,0
2858,15.90047045728566,21.39810528046197,12,5,0
2859,19.38054430264568,61.06212161831923,20,1,1
2860,36.66925886265001,51.87764336735586,0,4,0
2861,22.06196859942567,56.261074423596384,18,2,0
2862,38.761479264382395,20.522419829205358,59,4,0
2863,29.54055732472984,49.588063376019804,32,5,0
2864,25.91535474421915,70.26477128406026,3,3,0
2865,29.502220866736366,50.988559137720515,2,4,0
2866,27.917459630656694,71.25534444185556,90,5,0
2867,33.96940634393313,36.31132750777844,51,5,0
2868,22.062401649321306,76.91994031372079,98,5,0
2869,23.826259790007562,61.19018683174166,27,3,0
2870,37.35235756333127,34.75341696009343,69,3,0
2871,38.661412828760135,36.570433309768305,69,3,0
2872,37.313955687161865,63.962132519867595,54,2,0
2873,25.48619984893284,78.09577152487103,56,3,0
2874,34.50913757517204,49.09394474204086,86,3,0
2875,26.90839333252747,38.08103003893146,96,3,0
2876,27.438496303652556,80.69081248374204,15,4,1
2877,20.117002726432098,66.84878042255843,23,3,0
2878,29.77825758146291,51.36598410981536,68,2,0
2879,19.653397443833697,54.15301366955113,40,5,0
2880,23.289117476679845,34.29795275554775,76,4,0
2881,36.375755040498376,63.87618410453908,46,1,0
2882,20.17689523027138,45.1119757380022,75,3,0
2883,16.778957129335822,89.69516236720445,68,5,0
2884,16.72518981532041,53.612846068332146,100,5,0
2885,38.51961301257769,54.01199243327292,30,4,0
2886,27.673010949045867,59.60962511874703,91,1,0
2887,25.235301795425457,84.17292021831227,91,2,0
2888,35.27196452519796,76.05726699018251,29,5,1
2889,35.895648197762895,51.5791048858489,17,5,0
2890,23.304775827890115,70.30894861809571,43,5,0
2891,32.34045143684488,61.036484914653315,26,5,0
2892,34.27807039629717,54.46569340908742,98,4,1
2893,31.366267171648865,33.46210409490453,25,1,1
2894,18.789876870002484,52.47553844184237,59,5,0
2895,36.89707708792643,37.20730109158022,17,2,0
2896,28.477363818400217,84.03895048961583,96,2,0
2897,22.061810659250092,43.47847694474429,88,3,0
2898,25.630704635942347,86.65848101733606,55,5,1
2899,15.939277259972684,57.31387030662978,30,5,0
2900,18.19667003056044,64.20810650733122,100,5,0
2901,34.13866876289652,58.00583111425294,58,5,0
2902,15.000290868884154,29.05664318766906,1,5,0
2903,25.414145712057305,46.30748533055586,96,2,0
2904,28.06275452713971,26.940227859433676,38,1,0
2905,16.365860500024308,63.60678309283672,60,1,0
2906,39.32695407430832,51.281193664030724,62,3,1
2907,20.6531332812418,74.45894800996558,95,2,0
2908,22.60496799090702,35.43293366995589,17,5,0
2909,22.598562806375682,31.519624090053444,16,1,0
2910,20.760416552933748,48.443256167463744,97,4,0
2911,15.036845552157786,84.86097682528668,38,4,0
2912,33.23361985219991,69.72952705086882,70,4,0
2913,39.17113749498213,49.324653735504306,53,5,0
2914,20.607337082126126,56.20905188280174,98,5,0
2915,31.57617979508556,25.894910782396884,93,3,0
2916,33.54740817396788,88.92031274632792,75,3,0
2917,36.21063447726311,66.64851132864433,34,3,0
2918,25.56572992534023,39.978284792439574,10,4,1
2919,22.573272641010732,61.0065875950671,60,5,0
2920,23.132378350575777,27.66376562482958,43,4,0
2921,32.815533327462816,87.60856681653085,67,3,0
2922,35.4194866626409,32.234949151835615,24,5,0
2923,19.540349193915066,65.36212226386499,47,2,0
2924,24.273525203944132,37.18181237772513,31,1,0
2925,37.54850491872875,70.22929678539751,83,1,0
2926,35.16733799236848,74.37749570681967,94,3,0
2927,39.6214600690619,67.13938102380028,3,4,1
2928,33.85620649205202,63.01496221786348,37,2,0
2929,24.829880025698056,82.47283657664082,62,5,0
2930,29.765945849865943,25.503869769283064,46,4,0
2931,31.525356356183007,43.164033604613664,0,3,0
2932,16.961395407928098,37.380123574159214,2,4,1
2933,28.612423977596627,89.1609773445795,100,3,0
2934,32.73302071181524,47.257284576681144,85,1,0
2935,19.183032600026507,71.28288894682791,61,1,0
2936,34.51579293563893,67.93076147167032,63,4,0
2937,29.594319512852792,34.84568662341644,16,2,0
2938,38.80554464243987,36.72983761480859,77,5,0
2939,16.060557455172294,39.68991944871239,61,3,1
2940,21.633153438886673,48.77890947815655,34,5,0
2941,30.038846982495603,36.40275459553688,12,1,0
2942,22.413997805148266,21.375603792279346,34,2,0
2943,32.86060410178106,81.55751397650369,42,2,0
2944,33.97513206304828,87.59268819666188,1,5,0
2945,17.562899101661863,43.909927092209756,55,1,0
2946,27.846361605169193,43.695481559783104,76,5,0
2947,27.722263889776396,20.496426894205968,50,4,0
2948,24.23201925538853,67.61754818312619,53,2,0
2949,38.3231215642418,77.78079270240401,15,2,1
2950,35.68765799683053,30.26258102520022,17,4,0
2951,32.43023454774092,31.176644455700554,6,1,0
2952,32.85816589337494,75.30582749800064,44,2,0
2953,26.542903595327978,63.14035238479013,35,3,0
2954,38.0248630274144,23.14023903394019,40,3,0
2955,32.36488568133213,63.57828933235972,93,1,0
2956,33.224526541395406,41.624240599063626,41,4,0
2957,36.54227259468363,45.810760882959215,6,5,0
2958,21.851789733554774,73.88119928078162,14,1,0
2959,35.176772596667575,76.76546348708274,59,5,0
2960,19.8810150739123,48.02496387878814,39,1,0
2961,23.633548806122196,86.30070552044484,82,3,1
2962,23.390261356746066,48.45239025664506,36,4,0
2963,39.463136709728516,74.02852246610769,65,3,1
2964,36.413430593698166,53.87140851949813,54,4,1
2965,32.52924653975649,82.82726285654589,76,5,0
2966,33.17641904038476,83.54328705551251,94,1,0
2967,29.051819860064278,26.11917655097587,79,2,1
2968,38.67726667771298,85.5545331917158,55,2,0
2969,27.40646882205904,77.78743890642909,43,4,0
2970,24.512942746747363,75.39175000188668,56,4,0
2971,19.075883423289774,34.063793777986575,5,3,0
2972,34.655141306526446,76.35834461282654,91,2,0
2973,33.36109830188978,79.50929142795258,31,3,0
2974,24.608875963103372,40.24052341179056,73,5,0
2975,15.629835348980734,86.65820548536266,17,2,0
2976,35.97493319295027,23.490210247941498,67,5,0
2977,15.285449586351842,30.493647727299777,72,1,0
2978,32.592494490726274,57.630679663606,6,3,1
2979,39.25642774315143,60.30547297856168,7,4,0
2980,25.941533203705085,65.16050583106323,63,2,0
2981,20.87433512489882,21.18783905208265,6,3,1
2982,32.62177525108454,87.22567422354912,40,4,0
2983,35.428203550389625,23.121166491390078,39,1,0
2984,28.660757901946184,30.014336690638167,2,2,1
2985,39.175881881403654,20.98101622682399,16,5,1
2986,16.291718041449027,59.68009033058663,65,1,0
2987,27.619889957613204,85.25868187446805,78,4,0
2988,32.96134868306375,66.6163016256325,92,2,1
2989,36.566011778729475,77.58602279362991,51,2,0
2990,19.48139029769475,20.929684242100606,21,1,0
2991,35.000087044092034,57.94107089358082,3,2,0
2992,28.817676892963632,52.169408425386536,5,4,0
2993,24.91384204974908,54.927756095455514,37,1,0
2994,18.29287571447734,25.054922973463157,25,5,0
2995,36.63239397272281,67.91047527485152,10,1,0
2996,18.931830204492883,55.22542904010441,89,1,0
2997,22.744696480227482,73.56041949028848,16,5,0
2998,22.251138299060923,53.97034438432007,87,4,0
2999,36.78535085477136,30.456714535850246,91,3,0
